Thumbnail,Track Name,Author Time,Top Time,10k Time,10k Time % Difference,Top Time % Difference,10k Time Difference,Top Time Difference,Completed
https://core.trackmania.nadeo.live/maps/3ea4157d-9ca1-4b2e-bb5e-84060286d4dd/thumbnail.jpg,Winter 2025 - 1,24.783,23.208,24.035,3.02,6.36,0.7480000000000011,1.5750000000000028,False
https://core.trackmania.nadeo.live/maps/abf1f2cf-9841-469d-889a-410e4800b8de/thumbnail.jpg,Winter 2025 - 2,26.233,24.168,25.468,2.92,7.87,0.7650000000000006,2.0650000000000013,False
https://core.trackmania.nadeo.live/maps/6ff492c2-8005-4dec-a021-37179a5343d3/thumbnail.jpg,Winter 2025 - 3,26.312,24.821,25.607,2.68,5.67,0.7050000000000018,1.4909999999999997,False
https://core.trackmania.nadeo.live/maps/8bca3d04-3819-4998-ab0b-c17cc3f4cd71/thumbnail.jpg,Winter 2025 - 4,21.823,20.234,20.968,3.92,7.28,0.8550000000000004,1.5889999999999986,False
https://core.trackmania.nadeo.live/maps/57098da1-5083-4ef4-80a7-cfb1bfc5aedc/thumbnail.jpg,Winter 2025 - 5,28.714,26.428,27.67,3.64,7.96,1.043999999999997,2.285999999999998,False
https://core.trackmania.nadeo.live/maps/d7eac6da-9e42-4a4d-92a9-e197a177b549/thumbnail.jpg,Winter 2025 - 6,28.661,26.361,28.006,2.29,8.02,0.6550000000000011,2.3000000000000007,False
https://core.trackmania.nadeo.live/maps/e0cf439d-7994-46ff-9c48-65650516e578/thumbnail.jpg,Winter 2025 - 7,31.208,27.485,30.195,3.25,11.93,1.0129999999999981,3.722999999999999,False
https://core.trackmania.nadeo.live/maps/6167827b-8fd6-40cb-96f7-d2ce5ef51d4c/thumbnail.jpg,Winter 2025 - 8,31.496,30.194,31.216,0.89,4.13,0.2799999999999976,1.3019999999999996,False
https://core.trackmania.nadeo.live/maps/7a95c22f-ec47-4422-b78a-f0bdb1b9cadd/thumbnail.jpg,Winter 2025 - 9,28.908,27.001,28.505,1.39,6.6,0.40300000000000225,1.907,False
https://core.trackmania.nadeo.live/maps/b0ae596b-0116-4c66-b403-7f6ee22b94c2/thumbnail.jpg,Winter 2025 - 10,33.728,29.602,31.691,6.04,12.23,2.0370000000000026,4.126000000000001,False
https://core.trackmania.nadeo.live/maps/2af5afe7-7257-4b2f-a0fa-03834e381a4a/thumbnail.jpg,Winter 2025 - 11,41.902,39.255,41.618,0.68,6.32,0.2839999999999989,2.6469999999999985,False
https://core.trackmania.nadeo.live/maps/8876318f-3006-4277-9e74-301279dd13e5/thumbnail.jpg,Winter 2025 - 12,40.698,38.505,40.478,0.54,5.39,0.21999999999999886,2.192999999999998,False
https://core.trackmania.nadeo.live/maps/6092ee87-0f12-44d2-ac20-8654472a5901/thumbnail.jpg,Winter 2025 - 13,44.172,41.255,44.058,0.26,6.6,0.11399999999999721,2.9169999999999945,False
https://core.trackmania.nadeo.live/maps/dd6f23ad-601f-4007-b247-f1a75c2913c7/thumbnail.jpg,Winter 2025 - 14,35.901,33.614,35.834,0.19,6.37,0.06700000000000017,2.287000000000006,False
https://core.trackmania.nadeo.live/maps/1cce7ab3-bdd3-4423-8e7f-87f95bafb023/thumbnail.jpg,Winter 2025 - 15,37.08,32.933,36.88,0.54,11.18,0.19999999999999574,4.1469999999999985,False
https://core.trackmania.nadeo.live/maps/8b0078bf-5d2d-4834-b6f1-4f00d230e08c/thumbnail.jpg,Winter 2025 - 16,43.29,40.963,45.166,-4.33,5.38,-1.8759999999999977,2.326999999999998,False
https://core.trackmania.nadeo.live/maps/870f297f-74cb-41b5-8179-40bc39d61d10/thumbnail.jpg,Winter 2025 - 17,53.918,51.362,55.909,-3.69,4.74,-1.9909999999999997,2.5559999999999974,False
https://core.trackmania.nadeo.live/maps/0492de6b-04d5-43eb-a3fd-b6e409ad2f17/thumbnail.jpg,Winter 2025 - 18,51.922,48.565,53.678,-3.38,6.47,-1.7560000000000002,3.3569999999999993,False
https://core.trackmania.nadeo.live/maps/3d93ee0c-3ec0-49ae-b7ac-caebea38ffda/thumbnail.jpg,Winter 2025 - 19,48.782,46.084,50.464,-3.45,5.53,-1.6820000000000022,2.6979999999999933,False
https://core.trackmania.nadeo.live/maps/bca14f3f-b4f9-428a-b267-81aef1f5f0cf/thumbnail.jpg,Winter 2025 - 20,50.092,46.995,51.278,-2.37,6.18,-1.186,3.0970000000000013,False
https://core.trackmania.nadeo.live/maps/6199ff26-955e-4521-ac2d-2bf724cc9c1d/thumbnail.jpg,Winter 2025 - 21,53.893,52.488,57.854,-7.35,2.61,-3.9609999999999985,1.4050000000000011,False
https://core.trackmania.nadeo.live/maps/c6d2f202-4c72-4e7e-a175-36894b79b4d8/thumbnail.jpg,Winter 2025 - 22,72.829,69.337,77.667,-6.64,4.79,-4.838000000000008,3.4919999999999902,False
https://core.trackmania.nadeo.live/maps/229c75d5-4d3f-4945-b652-130524aa5e98/thumbnail.jpg,Winter 2025 - 23,57.573,55.445,61.841,-7.41,3.7,-4.268000000000001,2.128,False
https://core.trackmania.nadeo.live/maps/4009d66b-06f7-40ca-8767-4a532eefc1b5/thumbnail.jpg,Winter 2025 - 24,55.21,52.217,59.165,-7.16,5.42,-3.9549999999999983,2.993000000000002,False
https://core.trackmania.nadeo.live/maps/4ac6539c-0098-4528-acd8-393f88075fc7/thumbnail.jpg,Winter 2025 - 25,79.993,76.923,87.244,-9.06,3.84,-7.251000000000005,3.069999999999993,False
https://core.trackmania.nadeo.live/maps/9a76212e-b3c1-4450-8f4c-ba5966f3af1d/thumbnail.jpg,Fall 2024 - 1,30.001,25.743,28.031,6.57,14.19,1.9700000000000024,4.258000000000003,False
https://core.trackmania.nadeo.live/maps/5eac4750-8b8e-4487-87d1-bda63ef81d00/thumbnail.jpg,Fall 2024 - 2,27.777,24.837,25.638,7.7,10.58,2.1389999999999993,2.9400000000000013,False
https://core.trackmania.nadeo.live/maps/911c4f67-5d90-40e2-bc8d-dd9383d98deb/thumbnail.jpg,Fall 2024 - 3,31.989,28.125,30.32,5.22,12.08,1.6690000000000005,3.8640000000000008,False
https://core.trackmania.nadeo.live/maps/70e00988-8b0b-436b-b9d4-96851b6a4083/thumbnail.jpg,Fall 2024 - 4,27.321,25.495,26.182,4.17,6.68,1.139000000000003,1.8260000000000005,False
https://core.trackmania.nadeo.live/maps/767dcb42-f1c0-42e1-bf7c-f97c0305e9d5/thumbnail.jpg,Fall 2024 - 5,29.2,25.876,27.478,5.9,11.38,1.7219999999999978,3.323999999999998,False
https://core.trackmania.nadeo.live/maps/bb920e06-4fab-4d1f-b6f0-763168ff96d9/thumbnail.jpg,Fall 2024 - 6,31.957,29.178,31.108,2.66,8.7,0.8490000000000002,2.779,False
https://core.trackmania.nadeo.live/maps/6baf0019-f261-479f-8033-49f475a926fa/thumbnail.jpg,Fall 2024 - 7,33.675,31.964,32.981,2.06,5.08,0.6939999999999955,1.7109999999999985,False
https://core.trackmania.nadeo.live/maps/e82af8c0-7991-47e2-a45f-9584572af5d0/thumbnail.jpg,Fall 2024 - 8,23.541,20.088,22.871,2.85,14.67,0.6700000000000017,3.4529999999999994,False
https://core.trackmania.nadeo.live/maps/11703854-d6fd-40f1-b5d1-0ef7347f82f8/thumbnail.jpg,Fall 2024 - 9,27.511,25.753,26.938,2.08,6.39,0.5730000000000004,1.7579999999999991,False
https://core.trackmania.nadeo.live/maps/40805f0e-7913-4eea-95da-a6ce4efe532a/thumbnail.jpg,Fall 2024 - 10,33.333,29.775,31.764,4.71,10.67,1.568999999999999,3.558,False
https://core.trackmania.nadeo.live/maps/e02396d7-1a19-4e04-b7ec-a9a05f62c94d/thumbnail.jpg,Fall 2024 - 11,40.182,37.663,39.638,1.35,6.27,0.544000000000004,2.5190000000000055,False
https://core.trackmania.nadeo.live/maps/db092647-f28f-41ab-b64e-86867d9d21e2/thumbnail.jpg,Fall 2024 - 12,39.822,37.368,39.368,1.14,6.16,0.4540000000000006,2.4540000000000006,False
https://core.trackmania.nadeo.live/maps/83af63f7-ad71-43dd-8c67-834de8a207f4/thumbnail.jpg,Fall 2024 - 13,36.351,33.661,36.106,0.67,7.4,0.24499999999999744,2.6899999999999977,False
https://core.trackmania.nadeo.live/maps/8c791e58-d1ca-4c3a-a6c1-4355c17d301b/thumbnail.jpg,Fall 2024 - 14,34.55,31.768,34.286,0.76,8.05,0.2639999999999958,2.7819999999999965,False
https://core.trackmania.nadeo.live/maps/ec21ecf3-8fb8-4b2f-8a22-4ee008450892/thumbnail.jpg,Fall 2024 - 15,40.275,38.323,40.156,0.3,4.85,0.11899999999999977,1.9519999999999982,False
https://core.trackmania.nadeo.live/maps/a5d38926-32e3-41eb-b76d-c6e5493a6c36/thumbnail.jpg,Fall 2024 - 16,51.644,48.768,51.511,0.26,5.57,0.13299999999999557,2.8759999999999977,False
https://core.trackmania.nadeo.live/maps/5b4e2e0b-6b11-4d16-a90b-242ec39c6c05/thumbnail.jpg,Fall 2024 - 17,54.082,51.161,55.381,-2.4,5.4,-1.2989999999999995,2.9209999999999994,False
https://core.trackmania.nadeo.live/maps/e71ef85a-c1f9-4a19-87cd-2abd6b2642be/thumbnail.jpg,Fall 2024 - 18,38.382,35.856,38.281,0.26,6.58,0.10099999999999909,2.5259999999999962,False
https://core.trackmania.nadeo.live/maps/a0d99310-89f7-4b22-a315-bde1ee499f78/thumbnail.jpg,Fall 2024 - 19,69.224,62.78,69.794,-0.82,9.31,-0.5699999999999932,6.444000000000003,False
https://core.trackmania.nadeo.live/maps/4e25f2c5-f776-4447-9e89-a78e014b6e85/thumbnail.jpg,Fall 2024 - 20,36.858,33.247,36.78,0.21,9.8,0.07799999999999585,3.610999999999997,False
https://core.trackmania.nadeo.live/maps/d36f47d7-255a-46a0-abac-6d42953c637d/thumbnail.jpg,Fall 2024 - 21,48.939,47.67,51.191,-4.6,2.59,-2.2520000000000024,1.2689999999999984,False
https://core.trackmania.nadeo.live/maps/e555da33-6f89-4746-aeca-a5a113968dc7/thumbnail.jpg,Fall 2024 - 22,74.228,70.89,78.225,-5.38,4.5,-3.997,3.337999999999994,False
https://core.trackmania.nadeo.live/maps/30ce3448-135b-4bd5-af55-1a091359c9c6/thumbnail.jpg,Fall 2024 - 23,56.888,53.328,60.775,-6.83,6.26,-3.8870000000000005,3.559999999999995,False
https://core.trackmania.nadeo.live/maps/c38a5541-3c3e-4e5a-ac20-a740a8d21fa6/thumbnail.jpg,Fall 2024 - 24,51.622,48.047,54.388,-5.36,6.93,-2.7659999999999982,3.575000000000003,False
https://core.trackmania.nadeo.live/maps/f2c237a0-c455-45ba-b6e8-c4f917b997e4/thumbnail.jpg,Fall 2024 - 25,92.993,86.977,98.836,-6.28,6.47,-5.8430000000000035,6.015999999999991,False
https://core.trackmania.nadeo.live/maps/11f05603-58f4-4289-b643-d88e4d757015/thumbnail.jpg,Summer 2024 - 1,23.923,22.291,22.781,4.77,6.82,1.1419999999999995,1.631999999999998,False
https://core.trackmania.nadeo.live/maps/573e12c7-7b9e-4002-898d-8f8c6b121c88/thumbnail.jpg,Summer 2024 - 2,29.1,26.553,27.793,4.49,8.75,1.3070000000000022,2.5470000000000006,False
https://core.trackmania.nadeo.live/maps/d94e9bba-528d-48d6-83c6-e9bfe3755ad9/thumbnail.jpg,Summer 2024 - 3,30.438,28.183,29.128,4.3,7.41,1.3099999999999987,2.254999999999999,False
https://core.trackmania.nadeo.live/maps/43c4f1d4-52c3-4611-830f-cc1412ed8696/thumbnail.jpg,Summer 2024 - 4,31.507,28.596,29.916,5.05,9.24,1.591000000000001,2.9110000000000014,False
https://core.trackmania.nadeo.live/maps/b93b4462-0d8a-42b2-a497-dc79c5373fbc/thumbnail.jpg,Summer 2024 - 5,28.595,25.641,26.788,6.32,10.33,1.8069999999999986,2.9540000000000006,False
https://core.trackmania.nadeo.live/maps/29b5dc2c-4d6f-4d74-8ca3-5b6255ce2b7f/thumbnail.jpg,Summer 2024 - 6,31.524,29.763,31.062,1.47,5.59,0.46199999999999974,1.7609999999999992,False
https://core.trackmania.nadeo.live/maps/5adf2543-7841-4f28-88d3-f1f2c6cc63fc/thumbnail.jpg,Summer 2024 - 7,27.744,24.851,27.137,2.19,10.43,0.6069999999999993,2.8930000000000007,False
https://core.trackmania.nadeo.live/maps/ab512cb3-f415-4217-9d47-9344cece6461/thumbnail.jpg,Summer 2024 - 8,28.808,26.126,27.421,4.81,9.31,1.3870000000000005,2.6819999999999986,False
https://core.trackmania.nadeo.live/maps/f626bb59-ef59-453d-96c4-66e9b96d2b9b/thumbnail.jpg,Summer 2024 - 9,34.789,31.678,33.592,3.44,8.94,1.1970000000000027,3.1110000000000007,False
https://core.trackmania.nadeo.live/maps/54f52217-2e15-42a5-b6b8-cb88f35a3230/thumbnail.jpg,Summer 2024 - 10,29.0,26.653,28.133,2.99,8.09,0.8670000000000009,2.3470000000000013,False
https://core.trackmania.nadeo.live/maps/91808e00-e4c5-4a30-9c41-6bea6c8101f9/thumbnail.jpg,Summer 2024 - 11,42.221,38.373,41.488,1.74,9.11,0.732999999999997,3.847999999999999,False
https://core.trackmania.nadeo.live/maps/c3f421db-3a7a-4c27-8ba6-d153d770d0c3/thumbnail.jpg,Summer 2024 - 12,36.511,34.31,36.295,0.59,6.03,0.21600000000000108,2.2010000000000005,False
https://core.trackmania.nadeo.live/maps/1e70fc80-c7b8-44dd-9cb0-a1d0c762c913/thumbnail.jpg,Summer 2024 - 13,40.465,39.035,40.384,0.2,3.53,0.08100000000000307,1.4300000000000068,False
https://core.trackmania.nadeo.live/maps/02308b7a-7179-4725-bc9f-af06fee86ad7/thumbnail.jpg,Summer 2024 - 14,55.321,51.326,54.954,0.66,7.22,0.36699999999999733,3.9949999999999974,False
https://core.trackmania.nadeo.live/maps/0638b603-0e8d-440f-a11c-64d9007e8a0e/thumbnail.jpg,Summer 2024 - 15,37.224,34.214,37.316,-0.25,8.09,-0.09200000000000585,3.009999999999998,False
https://core.trackmania.nadeo.live/maps/d4102b54-47d6-4400-a210-59c4043df499/thumbnail.jpg,Summer 2024 - 16,49.322,45.708,49.284,0.08,7.33,0.03800000000000381,3.6140000000000043,False
https://core.trackmania.nadeo.live/maps/d90022c2-4a5e-44e4-b1da-534d82ea9ee4/thumbnail.jpg,Summer 2024 - 17,48.718,46.502,48.822,-0.21,4.55,-0.1039999999999992,2.216000000000001,False
https://core.trackmania.nadeo.live/maps/fc2bd10c-d6ac-4d41-b815-af751feccf13/thumbnail.jpg,Summer 2024 - 18,46.002,43.662,47.935,-4.2,5.09,-1.9329999999999998,2.3400000000000034,False
https://core.trackmania.nadeo.live/maps/3f243712-dc7d-473d-be6e-3a31f87d4214/thumbnail.jpg,Summer 2024 - 19,46.503,44.608,48.024,-3.27,4.08,-1.5210000000000008,1.8950000000000031,False
https://core.trackmania.nadeo.live/maps/826e29d4-ff33-4a1a-b5a8-6a8d1211261b/thumbnail.jpg,Summer 2024 - 20,51.617,46.402,52.96,-2.6,10.1,-1.3430000000000035,5.214999999999996,False
https://core.trackmania.nadeo.live/maps/45d25b00-b0c5-48ac-97cf-4b9351b99cbd/thumbnail.jpg,Summer 2024 - 21,55.452,52.282,58.235,-5.02,5.72,-2.7830000000000013,3.1700000000000017,False
https://core.trackmania.nadeo.live/maps/ea9582c6-c879-45a9-bf1f-6edbd11877e2/thumbnail.jpg,Summer 2024 - 22,48.448,45.888,50.037,-3.28,5.28,-1.5889999999999986,2.5600000000000023,False
https://core.trackmania.nadeo.live/maps/66c03ca3-b7e1-4a89-b31d-bdb329b45be2/thumbnail.jpg,Summer 2024 - 23,42.721,39.158,45.141,-5.66,8.34,-2.4200000000000017,3.5629999999999953,False
https://core.trackmania.nadeo.live/maps/5ad1a58e-0a13-4d34-832b-a50c9377f02c/thumbnail.jpg,Summer 2024 - 24,63.886,61.607,67.508,-5.67,3.57,-3.621999999999993,2.2790000000000035,False
https://core.trackmania.nadeo.live/maps/0a12b854-a822-4d95-8add-49266fb9eca5/thumbnail.jpg,Summer 2024 - 25,70.347,66.763,79.932,-13.63,5.09,-9.585000000000008,3.583999999999989,False
https://core.trackmania.nadeo.live/maps/d2b8a048-209d-4cfa-b5a4-bc3e3cab3566/thumbnail.jpg,Spring 2024 - 1,29.089,25.618,26.761,8.0,11.93,2.3279999999999994,3.471,False
https://core.trackmania.nadeo.live/maps/b1b9df44-7080-4c4c-8aed-46bda58e56b1/thumbnail.jpg,Spring 2024 - 2,36.744,33.358,34.598,5.84,9.22,2.146000000000001,3.386000000000003,False
https://core.trackmania.nadeo.live/maps/1ed1d2c0-6da7-46b2-9777-f6ca3e5a1b2c/thumbnail.jpg,Spring 2024 - 3,32.144,27.365,28.673,10.8,14.87,3.471,4.779,False
https://core.trackmania.nadeo.live/maps/46f46e2a-2db3-4ac6-a49e-38255297d73e/thumbnail.jpg,Spring 2024 - 4,28.344,25.254,26.568,6.27,10.9,1.7759999999999998,3.09,False
https://core.trackmania.nadeo.live/maps/cd9369a6-2a22-4f5a-8084-955a8ca2d5e0/thumbnail.jpg,Spring 2024 - 5,32.922,29.388,30.29,7.99,10.73,2.631999999999998,3.5339999999999954,False
https://core.trackmania.nadeo.live/maps/20b9b642-e396-4ea3-a996-105c3c5d98ee/thumbnail.jpg,Spring 2024 - 6,29.411,27.453,27.972,4.89,6.66,1.439,1.958000000000002,False
https://core.trackmania.nadeo.live/maps/87a892b5-a601-44d5-a01d-a9fe32a4d686/thumbnail.jpg,Spring 2024 - 7,35.732,33.438,34.551,3.31,6.42,1.1809999999999974,2.293999999999997,False
https://core.trackmania.nadeo.live/maps/481977ee-a775-4515-b964-7a6e26a676a9/thumbnail.jpg,Spring 2024 - 8,29.279,26.173,27.487,6.12,10.61,1.7920000000000016,3.1060000000000016,False
https://core.trackmania.nadeo.live/maps/bf7e990f-860e-4e2a-8dbb-5fa376184fe1/thumbnail.jpg,Spring 2024 - 9,32.663,29.436,31.165,4.59,9.88,1.4979999999999976,3.2269999999999968,False
https://core.trackmania.nadeo.live/maps/8c973e2d-fa73-4db7-af94-57135bdaa778/thumbnail.jpg,Spring 2024 - 10,37.878,32.872,35.687,5.78,13.22,2.1910000000000025,5.006,False
https://core.trackmania.nadeo.live/maps/6b20ec6c-f8f1-4b8b-b6e9-93089d6a2a09/thumbnail.jpg,Spring 2024 - 11,37.172,32.336,36.174,2.68,13.01,0.9979999999999976,4.8359999999999985,False
https://core.trackmania.nadeo.live/maps/1255469a-bbf8-4bcf-b8bb-3ad57220d6a1/thumbnail.jpg,Spring 2024 - 12,41.838,39.167,41.366,1.13,6.38,0.4720000000000013,2.6709999999999994,False
https://core.trackmania.nadeo.live/maps/feb4c9f2-a0dd-408d-9aa4-f19dc5187bb8/thumbnail.jpg,Spring 2024 - 13,37.291,32.825,36.411,2.36,11.98,0.8799999999999955,4.465999999999994,False
https://core.trackmania.nadeo.live/maps/1f5e2782-07ca-4d5c-92cc-53f6112fd7f4/thumbnail.jpg,Spring 2024 - 14,43.988,40.595,43.15,1.91,7.71,0.838000000000001,3.3930000000000007,False
https://core.trackmania.nadeo.live/maps/f405ea1f-e805-4364-9277-d0eb746f0783/thumbnail.jpg,Spring 2024 - 15,46.655,43.778,46.388,0.57,6.17,0.267000000000003,2.8770000000000024,False
https://core.trackmania.nadeo.live/maps/f3766897-8e14-46ab-a3b4-9d43889a9b3d/thumbnail.jpg,Spring 2024 - 16,44.978,41.538,44.555,0.94,7.65,0.4230000000000018,3.440000000000005,False
https://core.trackmania.nadeo.live/maps/23a8d15f-1e8f-4ccb-9660-8702dbb56cef/thumbnail.jpg,Spring 2024 - 17,50.224,46.544,50.139,0.17,7.33,0.08499999999999375,3.6799999999999997,False
https://core.trackmania.nadeo.live/maps/e2a51e6c-9314-441d-b81c-6f2aca87fa6a/thumbnail.jpg,Spring 2024 - 18,50.251,47.148,50.105,0.29,6.18,0.1460000000000008,3.1029999999999944,False
https://core.trackmania.nadeo.live/maps/342c1f53-db78-40d1-9e48-e5778ac57af7/thumbnail.jpg,Spring 2024 - 19,35.814,30.428,35.488,0.91,15.04,0.3260000000000005,5.385999999999999,False
https://core.trackmania.nadeo.live/maps/05b3a91b-c5ad-494d-8da5-d484c0145238/thumbnail.jpg,Spring 2024 - 20,39.275,32.756,38.335,2.39,16.6,0.9399999999999977,6.518999999999998,False
https://core.trackmania.nadeo.live/maps/b38ed115-7feb-4660-936d-8c32324117c7/thumbnail.jpg,Spring 2024 - 21,53.318,48.986,53.298,0.04,8.12,0.01999999999999602,4.332000000000001,False
https://core.trackmania.nadeo.live/maps/b6f2e38d-a16e-4204-98d3-73a51c6de7a5/thumbnail.jpg,Spring 2024 - 22,60.706,57.964,60.633,0.12,4.52,0.0730000000000004,2.7420000000000044,False
https://core.trackmania.nadeo.live/maps/0cd18b59-ef45-4d8d-9565-7d12d73f1f0d/thumbnail.jpg,Spring 2024 - 23,46.818,43.933,46.787,0.07,6.16,0.030999999999998806,2.884999999999998,False
https://core.trackmania.nadeo.live/maps/6bc05bad-112f-4991-8c13-f6e377e0c656/thumbnail.jpg,Spring 2024 - 24,61.001,58.493,62.978,-3.24,4.11,-1.9770000000000039,2.5079999999999956,False
https://core.trackmania.nadeo.live/maps/e43cf2bd-629c-4bc1-88e8-3ae956586011/thumbnail.jpg,Spring 2024 - 25,71.111,67.08,74.818,-5.21,5.67,-3.7069999999999936,4.031000000000006,False
https://core.trackmania.nadeo.live/maps/be4acd7d-1ddc-48a8-875a-dbbe1ff0996e/thumbnail.jpg,Winter 2024 - 1,27.195,25.253,25.575,5.96,7.14,1.620000000000001,1.9420000000000002,False
https://core.trackmania.nadeo.live/maps/7ce3acd8-494b-4caa-9e0e-b7352f9afde1/thumbnail.jpg,Winter 2024 - 2,27.993,25.604,26.204,6.39,8.53,1.788999999999998,2.3889999999999993,False
https://core.trackmania.nadeo.live/maps/93cd9f9e-7075-4a55-8b08-e8a0db416d97/thumbnail.jpg,Winter 2024 - 3,24.911,22.302,22.752,8.67,10.47,2.1590000000000025,2.6090000000000018,False
https://core.trackmania.nadeo.live/maps/523e5ff7-08c5-49a7-a939-d3aac1a74e61/thumbnail.jpg,Winter 2024 - 4,29.232,26.438,27.426,6.18,9.56,1.806000000000001,2.7940000000000005,False
https://core.trackmania.nadeo.live/maps/d7086b25-9d94-4d0f-84fb-b11a99c0de99/thumbnail.jpg,Winter 2024 - 5,26.727,23.892,24.916,6.78,10.61,1.811,2.835000000000001,False
https://core.trackmania.nadeo.live/maps/2e49324b-c83c-45ef-8a2c-7172f3653427/thumbnail.jpg,Winter 2024 - 6,29.122,26.878,27.915,4.14,7.71,1.2070000000000007,2.2439999999999998,False
https://core.trackmania.nadeo.live/maps/2cf0ce4d-82f8-48f7-b92a-4dc8e179dda7/thumbnail.jpg,Winter 2024 - 7,35.435,32.095,34.043,3.93,9.43,1.392000000000003,3.3400000000000034,False
https://core.trackmania.nadeo.live/maps/936ec2e4-e14c-4d91-9c93-3e3f5ac53491/thumbnail.jpg,Winter 2024 - 8,26.903,21.955,22.621,15.92,18.39,4.282,4.948,False
https://core.trackmania.nadeo.live/maps/76416c30-70c5-49c1-98e1-aa0f4b4bc476/thumbnail.jpg,Winter 2024 - 9,34.999,28.025,29.394,16.01,19.93,5.605000000000004,6.974000000000004,False
https://core.trackmania.nadeo.live/maps/66b37789-ecf9-4f02-b402-cdd508e7b086/thumbnail.jpg,Winter 2024 - 10,31.01,27.485,29.202,5.83,11.37,1.8079999999999998,3.525000000000002,False
https://core.trackmania.nadeo.live/maps/2e2a5334-4f2d-4e78-9047-9f01c98837ba/thumbnail.jpg,Winter 2024 - 11,34.611,31.674,33.338,3.68,8.49,1.2729999999999961,2.9369999999999976,False
https://core.trackmania.nadeo.live/maps/e1566153-df51-43ca-992f-364d50eb5a43/thumbnail.jpg,Winter 2024 - 12,34.144,30.928,32.758,4.06,9.42,1.3859999999999957,3.2159999999999975,False
https://core.trackmania.nadeo.live/maps/3a59493f-be45-4e6e-beaa-d9afe48db2f2/thumbnail.jpg,Winter 2024 - 13,34.671,32.205,34.065,1.75,7.11,0.6060000000000016,2.466000000000001,False
https://core.trackmania.nadeo.live/maps/a8eb1c95-07b8-460c-aafb-cf883b50113a/thumbnail.jpg,Winter 2024 - 14,35.464,28.956,34.055,3.97,18.35,1.408999999999999,6.507999999999999,False
https://core.trackmania.nadeo.live/maps/0d4ae83b-0f08-4408-a2e5-2deb6779c371/thumbnail.jpg,Winter 2024 - 15,43.111,39.492,41.911,2.78,8.39,1.1999999999999957,3.6189999999999998,False
https://core.trackmania.nadeo.live/maps/1cf76023-71c7-4d44-a25c-f7d443f7d687/thumbnail.jpg,Winter 2024 - 16,50.318,46.737,49.758,1.11,7.12,0.5599999999999952,3.580999999999996,False
https://core.trackmania.nadeo.live/maps/233d2044-c403-47d8-90f4-734a61f9ab48/thumbnail.jpg,Winter 2024 - 17,46.564,39.025,45.09,3.17,16.19,1.4739999999999966,7.5390000000000015,False
https://core.trackmania.nadeo.live/maps/0227cb0a-bd61-42dd-b607-d2abf837e805/thumbnail.jpg,Winter 2024 - 18,49.282,45.408,48.993,0.59,7.86,0.2889999999999944,3.8739999999999952,False
https://core.trackmania.nadeo.live/maps/ce583a45-840d-495c-ab04-e5cc25571898/thumbnail.jpg,Winter 2024 - 19,47.188,44.398,46.351,1.77,5.91,0.8370000000000033,2.789999999999999,False
https://core.trackmania.nadeo.live/maps/874d81b1-9c1a-48c4-91ae-75767fbb358e/thumbnail.jpg,Winter 2024 - 20,53.854,44.234,52.5,2.51,17.86,1.3539999999999992,9.619999999999997,False
https://core.trackmania.nadeo.live/maps/e1f60c7c-1381-4251-a9a1-21fdf961be3d/thumbnail.jpg,Winter 2024 - 21,49.589,43.728,48.958,1.27,11.82,0.6310000000000002,5.860999999999997,False
https://core.trackmania.nadeo.live/maps/5090446c-7166-494e-8fa1-ce01e5abce48/thumbnail.jpg,Winter 2024 - 22,69.896,64.291,69.738,0.23,8.02,0.15800000000000125,5.605000000000004,False
https://core.trackmania.nadeo.live/maps/26325150-622f-45f4-acd8-e43c01591843/thumbnail.jpg,Winter 2024 - 23,42.598,39.76,42.474,0.29,6.66,0.12400000000000233,2.838000000000001,False
https://core.trackmania.nadeo.live/maps/6e2bde26-d560-4f06-a33a-67424a5924d3/thumbnail.jpg,Winter 2024 - 24,56.489,49.858,55.739,1.33,11.74,0.75,6.631,False
https://core.trackmania.nadeo.live/maps/28f675f8-0cfa-4f4a-9c95-d64d369fbe7e/thumbnail.jpg,Winter 2024 - 25,61.996,57.781,63.445,-2.34,6.8,-1.448999999999998,4.215000000000003,False
https://core.trackmania.nadeo.live/maps/c59359ba-f033-420d-9f18-17b0c5fe8d8b/thumbnail.jpg,Fall 2023 - 1,24.452,22.524,23.351,4.5,7.88,1.1010000000000026,1.9280000000000008,False
https://core.trackmania.nadeo.live/maps/32bc6d38-ce2b-4c39-a1ce-e69be8865149/thumbnail.jpg,Fall 2023 - 2,25.56,23.413,24.334,4.8,8.4,1.225999999999999,2.1469999999999985,False
https://core.trackmania.nadeo.live/maps/dc100875-ebfc-4157-afe1-ca0e5c266fc9/thumbnail.jpg,Fall 2023 - 3,28.085,25.118,26.518,5.58,10.56,1.5670000000000002,2.9670000000000023,False
https://core.trackmania.nadeo.live/maps/5d031733-47bf-49c2-b4f8-af23c01c9061/thumbnail.jpg,Fall 2023 - 4,24.819,23.216,23.758,4.27,6.46,1.061,1.602999999999998,False
https://core.trackmania.nadeo.live/maps/a9cadab9-824c-4af6-9ff2-bb7571fbaa74/thumbnail.jpg,Fall 2023 - 5,28.091,24.874,26.546,5.5,11.45,1.5450000000000017,3.2170000000000023,False
https://core.trackmania.nadeo.live/maps/105192fa-f66c-409d-81d3-84e1e9265901/thumbnail.jpg,Fall 2023 - 6,30.499,27.586,28.882,5.3,9.55,1.6169999999999973,2.9130000000000003,False
https://core.trackmania.nadeo.live/maps/99856698-5424-4c71-a4c3-6dc0e35d69db/thumbnail.jpg,Fall 2023 - 7,31.775,29.164,30.406,4.31,8.22,1.3689999999999998,2.610999999999997,False
https://core.trackmania.nadeo.live/maps/70b7d881-7396-4b23-8c01-5d43d8a686c5/thumbnail.jpg,Fall 2023 - 8,21.004,17.758,19.376,7.75,15.45,1.6280000000000001,3.246000000000002,False
https://core.trackmania.nadeo.live/maps/8643b3c7-9613-44d1-9790-0fc71068285a/thumbnail.jpg,Fall 2023 - 9,30.198,26.78,28.652,5.12,11.32,1.5459999999999994,3.4179999999999993,False
https://core.trackmania.nadeo.live/maps/35301e62-9d08-404e-a58e-adf9a4256fa4/thumbnail.jpg,Fall 2023 - 10,35.81,32.981,34.4,3.94,7.9,1.4100000000000037,2.8290000000000006,False
https://core.trackmania.nadeo.live/maps/cc97d70a-1a39-41d9-88be-6aca174c9f52/thumbnail.jpg,Fall 2023 - 11,33.823,30.656,32.474,3.99,9.36,1.3490000000000038,3.1670000000000016,False
https://core.trackmania.nadeo.live/maps/d432f05c-7352-4956-9226-c3107e85ac12/thumbnail.jpg,Fall 2023 - 12,36.016,33.012,34.22,4.99,8.34,1.7959999999999994,3.003999999999998,False
https://core.trackmania.nadeo.live/maps/628187b7-f3d1-4ca9-a619-38989daaa2d0/thumbnail.jpg,Fall 2023 - 13,38.698,35.944,37.518,3.05,7.12,1.1799999999999997,2.753999999999998,False
https://core.trackmania.nadeo.live/maps/ddbceda1-2ca2-4079-8675-63cc324fa7a6/thumbnail.jpg,Fall 2023 - 14,36.981,33.253,35.538,3.9,10.08,1.443000000000005,3.7280000000000015,False
https://core.trackmania.nadeo.live/maps/201eed34-18cb-4a46-ad61-e038e98270d3/thumbnail.jpg,Fall 2023 - 15,37.437,35.093,36.957,1.28,6.26,0.4799999999999969,2.343999999999994,False
https://core.trackmania.nadeo.live/maps/754aacf6-dc3a-4932-9f27-3980107227ca/thumbnail.jpg,Fall 2023 - 16,73.011,68.402,72.216,1.09,6.31,0.7950000000000017,4.608999999999995,False
https://core.trackmania.nadeo.live/maps/5697c692-6e38-41cd-8185-667dd5c4c413/thumbnail.jpg,Fall 2023 - 17,42.68,40.428,41.977,1.65,5.28,0.703000000000003,2.2520000000000024,False
https://core.trackmania.nadeo.live/maps/21f72b78-904a-4c10-b761-1d5958e0d871/thumbnail.jpg,Fall 2023 - 18,47.701,45.381,47.425,0.58,4.86,0.27600000000000335,2.3200000000000003,False
https://core.trackmania.nadeo.live/maps/740318c2-41e5-461c-9a8e-687e27831fbc/thumbnail.jpg,Fall 2023 - 19,51.101,47.612,50.747,0.69,6.83,0.3539999999999992,3.488999999999997,False
https://core.trackmania.nadeo.live/maps/a019620a-7b53-4a79-8c2a-150f4145e252/thumbnail.jpg,Fall 2023 - 20,45.351,43.502,45.178,0.38,4.08,0.17300000000000182,1.8489999999999966,False
https://core.trackmania.nadeo.live/maps/49f1bb49-69a4-4a51-91f7-5a3463582cd5/thumbnail.jpg,Fall 2023 - 21,46.126,42.997,45.903,0.48,6.78,0.22299999999999898,3.128999999999998,False
https://core.trackmania.nadeo.live/maps/1780e317-e6b0-4eb3-87cf-57be96d0cb29/thumbnail.jpg,Fall 2023 - 22,54.951,50.798,54.63,0.58,7.56,0.32099999999999795,4.152999999999999,False
https://core.trackmania.nadeo.live/maps/feb1d15d-4dee-4680-bbe5-2170263e0000/thumbnail.jpg,Fall 2023 - 23,52.252,47.737,52.058,0.37,8.64,0.19400000000000261,4.515000000000001,False
https://core.trackmania.nadeo.live/maps/c9e5b539-bd86-4b9a-9c41-69811e0af440/thumbnail.jpg,Fall 2023 - 24,43.101,40.453,42.846,0.59,6.14,0.25500000000000256,2.647999999999996,False
https://core.trackmania.nadeo.live/maps/b6c6ce5d-e2cc-4730-a68f-535c26f6e0f4/thumbnail.jpg,Fall 2023 - 25,72.187,65.955,71.95,0.33,8.63,0.23699999999999477,6.231999999999999,False
https://core.trackmania.nadeo.live/maps/a93f902b-16a1-4448-ad34-65cf32d41425/thumbnail.jpg,Summer 2023 - 1,23.997,22.917,23.462,2.23,4.5,0.5350000000000001,1.0799999999999983,False
https://core.trackmania.nadeo.live/maps/7b9373ad-b754-4c6d-9abf-7304517ba96e/thumbnail.jpg,Summer 2023 - 2,26.411,24.145,25.306,4.18,8.58,1.1050000000000004,2.266000000000002,False
https://core.trackmania.nadeo.live/maps/2123a833-1a50-4900-9f9d-c1c5881bfa30/thumbnail.jpg,Summer 2023 - 3,23.428,22.292,22.943,2.07,4.85,0.48499999999999943,1.1359999999999992,False
https://core.trackmania.nadeo.live/maps/e4090910-0ce5-4150-8d8e-b1fcbb3aef48/thumbnail.jpg,Summer 2023 - 4,17.401,16.79,17.162,1.37,3.51,0.23900000000000077,0.6110000000000007,False
https://core.trackmania.nadeo.live/maps/ab8019ba-483a-412c-9d3a-c13f424fa766/thumbnail.jpg,Summer 2023 - 5,25.847,25.161,25.423,1.64,2.65,0.42400000000000304,0.6859999999999999,False
https://core.trackmania.nadeo.live/maps/f429cb25-3c67-4c6f-a2b9-1cc1e346743f/thumbnail.jpg,Summer 2023 - 6,25.462,22.023,23.305,8.47,13.51,2.157,3.439,False
https://core.trackmania.nadeo.live/maps/8ca2f431-78dc-4be3-8763-bb8489d30f24/thumbnail.jpg,Summer 2023 - 7,31.382,29.021,30.242,3.63,7.52,1.1400000000000006,2.3610000000000007,False
https://core.trackmania.nadeo.live/maps/11661ce2-e333-490d-99cb-f1ff6be7826c/thumbnail.jpg,Summer 2023 - 8,22.196,20.828,21.596,2.7,6.16,0.6000000000000014,1.368000000000002,False
https://core.trackmania.nadeo.live/maps/ede5d5a1-a6f0-4144-85cd-80dda99a029c/thumbnail.jpg,Summer 2023 - 9,27.803,25.512,27.102,2.52,8.24,0.7010000000000005,2.2910000000000004,False
https://core.trackmania.nadeo.live/maps/5d732993-70e3-4b80-b36b-37999dde025b/thumbnail.jpg,Summer 2023 - 10,50.598,47.056,48.677,3.8,7.0,1.9209999999999994,3.5420000000000016,False
https://core.trackmania.nadeo.live/maps/8b2c8f9e-3e7a-4866-ae17-9e1d88fb3d64/thumbnail.jpg,Summer 2023 - 11,31.805,28.741,30.607,3.77,9.63,1.1980000000000004,3.064,False
https://core.trackmania.nadeo.live/maps/f6d8b00e-c407-4863-900d-55ac9d6d4d93/thumbnail.jpg,Summer 2023 - 12,34.25,32.051,33.008,3.63,6.42,1.2419999999999973,2.198999999999998,False
https://core.trackmania.nadeo.live/maps/25d27bb9-a648-4161-bc1c-e371b28a8f93/thumbnail.jpg,Summer 2023 - 13,31.573,29.534,30.568,3.18,6.46,1.004999999999999,2.0390000000000015,False
https://core.trackmania.nadeo.live/maps/699e92bf-c556-4136-b6be-0600d27f6ba9/thumbnail.jpg,Summer 2023 - 14,44.006,40.728,43.434,1.3,7.45,0.5720000000000027,3.2779999999999987,False
https://core.trackmania.nadeo.live/maps/3ae52cf0-6197-4833-99a2-ad021c44dd6b/thumbnail.jpg,Summer 2023 - 15,45.396,41.853,44.976,0.93,7.8,0.4200000000000017,3.5429999999999993,False
https://core.trackmania.nadeo.live/maps/fcae0248-db4b-475c-bfc2-bc1ff0a17e12/thumbnail.jpg,Summer 2023 - 16,45.646,42.815,45.384,0.57,6.2,0.26200000000000045,2.831000000000003,False
https://core.trackmania.nadeo.live/maps/6dde3a80-3c1f-4e25-bc29-390c313f93f7/thumbnail.jpg,Summer 2023 - 17,41.111,38.543,40.566,1.33,6.25,0.5449999999999946,2.567999999999998,False
https://core.trackmania.nadeo.live/maps/4320e924-8748-45de-a15e-e160d61f7941/thumbnail.jpg,Summer 2023 - 18,30.251,25.798,30.05,0.66,14.72,0.2010000000000005,4.453000000000003,False
https://core.trackmania.nadeo.live/maps/d1c00d8e-b632-4023-8dde-b1e1ca36147f/thumbnail.jpg,Summer 2023 - 19,48.478,46.001,48.277,0.41,5.11,0.2010000000000005,2.477000000000004,False
https://core.trackmania.nadeo.live/maps/12d4be83-0235-4381-a23c-5f776e0826f4/thumbnail.jpg,Summer 2023 - 20,36.823,32.485,33.864,8.04,11.78,2.959000000000003,4.338000000000001,False
https://core.trackmania.nadeo.live/maps/57907102-2888-4017-a4fa-c47030328809/thumbnail.jpg,Summer 2023 - 21,51.8,49.518,52.052,-0.49,4.41,-0.25200000000000244,2.2819999999999965,False
https://core.trackmania.nadeo.live/maps/ecc26d2f-c997-4a77-9129-fed90f6a6b14/thumbnail.jpg,Summer 2023 - 22,47.699,42.432,47.065,1.33,11.04,0.6340000000000003,5.266999999999996,False
https://core.trackmania.nadeo.live/maps/abca790b-a6e3-4222-9ddc-049472a0d5fb/thumbnail.jpg,Summer 2023 - 23,59.468,55.775,59.08,0.65,6.21,0.38800000000000523,3.693000000000005,False
https://core.trackmania.nadeo.live/maps/1e0baa7e-7de1-4e83-af67-2c0e92c442d4/thumbnail.jpg,Summer 2023 - 24,42.824,40.51,42.594,0.54,5.4,0.22999999999999687,2.314,False
https://core.trackmania.nadeo.live/maps/943ca1de-272f-4d7c-a353-d996ff10e4ef/thumbnail.jpg,Summer 2023 - 25,57.001,55.398,57.21,-0.37,2.81,-0.20900000000000318,1.6029999999999944,False
https://core.trackmania.nadeo.live/maps/515d9e49-2474-4a08-9643-c1a429d0190d/thumbnail.jpg,Spring 2023 - 1,28.61,27.222,27.748,3.01,4.85,0.8619999999999983,1.3879999999999981,False
https://core.trackmania.nadeo.live/maps/e83d6c6c-f338-4f27-ace6-1486651fd4d7/thumbnail.jpg,Spring 2023 - 2,27.254,26.171,26.707,2.01,3.97,0.5470000000000006,1.083000000000002,False
https://core.trackmania.nadeo.live/maps/a49f086c-7014-4419-ac80-4a4bc7618029/thumbnail.jpg,Spring 2023 - 3,29.442,26.983,28.623,2.78,8.35,0.8189999999999991,2.4589999999999996,False
https://core.trackmania.nadeo.live/maps/37b47d24-ce70-48d2-9cca-06c080e7dddf/thumbnail.jpg,Spring 2023 - 4,20.583,19.244,20.02,2.74,6.51,0.5629999999999988,1.3389999999999986,False
https://core.trackmania.nadeo.live/maps/12835cce-e840-4fa3-9ed1-ed4938df1538/thumbnail.jpg,Spring 2023 - 5,29.355,26.712,28.008,4.59,9.0,1.3470000000000013,2.6430000000000007,False
https://core.trackmania.nadeo.live/maps/0b030814-8051-4fa7-8f51-78ea33cade98/thumbnail.jpg,Spring 2023 - 6,35.287,32.968,34.495,2.24,6.57,0.7920000000000016,2.3189999999999955,False
https://core.trackmania.nadeo.live/maps/ff7ba5a3-a097-4ec1-8f89-0690773d7484/thumbnail.jpg,Spring 2023 - 7,28.251,27.36,28.026,0.8,3.15,0.22500000000000142,0.8910000000000018,False
https://core.trackmania.nadeo.live/maps/002b34b9-783a-46a2-8fd5-35285a625f1f/thumbnail.jpg,Spring 2023 - 8,37.42,35.255,36.578,2.25,5.79,0.8419999999999987,2.164999999999999,False
https://core.trackmania.nadeo.live/maps/2329ee0f-19c9-4279-a370-957c80be9cad/thumbnail.jpg,Spring 2023 - 9,35.556,32.633,34.048,4.24,8.22,1.5079999999999956,2.9229999999999947,False
https://core.trackmania.nadeo.live/maps/b73fbc07-4645-463d-9b1b-2d287293efa1/thumbnail.jpg,Spring 2023 - 10,36.999,35.152,36.513,1.31,4.99,0.4860000000000042,1.8470000000000013,False
https://core.trackmania.nadeo.live/maps/51b8be42-6124-4562-b280-84b8f46f5d45/thumbnail.jpg,Spring 2023 - 11,31.284,29.966,31.067,0.69,4.21,0.21699999999999875,1.3179999999999978,False
https://core.trackmania.nadeo.live/maps/91039f5f-31df-4cf6-aaa4-42b9670c057f/thumbnail.jpg,Spring 2023 - 12,26.412,24.89,25.91,1.9,5.76,0.5019999999999989,1.5219999999999985,False
https://core.trackmania.nadeo.live/maps/12138235-3878-4e36-8460-c0a489d830cc/thumbnail.jpg,Spring 2023 - 13,34.3,32.361,33.612,2.01,5.65,0.6879999999999953,1.939,False
https://core.trackmania.nadeo.live/maps/d5efa099-a9b0-4615-bb3a-95a85b99bb53/thumbnail.jpg,Spring 2023 - 14,35.206,33.423,34.813,1.12,5.06,0.3930000000000007,1.7830000000000013,False
https://core.trackmania.nadeo.live/maps/f5b8cb6a-6f00-4bea-b046-bdd9cc7d7bce/thumbnail.jpg,Spring 2023 - 15,34.509,31.563,34.253,0.74,8.54,0.2560000000000002,2.9460000000000015,False
https://core.trackmania.nadeo.live/maps/5c859224-8661-46ef-ae22-e51dce2729b5/thumbnail.jpg,Spring 2023 - 16,30.856,29.107,30.733,0.4,5.67,0.12300000000000111,1.7490000000000023,False
https://core.trackmania.nadeo.live/maps/8b7c0bc3-108c-455f-a97b-5286fc1a9b86/thumbnail.jpg,Spring 2023 - 17,34.214,31.408,33.718,1.45,8.2,0.4959999999999951,2.8059999999999974,False
https://core.trackmania.nadeo.live/maps/7b7e03d9-90b2-426c-80dd-9f7638e2bc8a/thumbnail.jpg,Spring 2023 - 18,25.681,24.053,25.653,0.11,6.34,0.028000000000002245,1.6280000000000001,False
https://core.trackmania.nadeo.live/maps/17b3410b-34e4-44be-b40b-f2ea60c6075f/thumbnail.jpg,Spring 2023 - 19,43.682,41.515,43.622,0.14,4.96,0.060000000000002274,2.1670000000000016,False
https://core.trackmania.nadeo.live/maps/82bfac67-f6ce-4bfe-9abb-16676e5c1014/thumbnail.jpg,Spring 2023 - 20,44.882,41.761,44.7,0.41,6.95,0.18199999999999505,3.120999999999995,False
https://core.trackmania.nadeo.live/maps/49b1e116-a204-44f9-8d73-388a8cf7dab8/thumbnail.jpg,Spring 2023 - 21,78.969,75.915,80.736,-2.24,3.87,-1.7670000000000101,3.053999999999988,False
https://core.trackmania.nadeo.live/maps/7ec011be-c5b7-4e0f-abf7-3ecc8312c879/thumbnail.jpg,Spring 2023 - 22,50.998,46.935,50.614,0.75,7.97,0.38400000000000034,4.062999999999995,False
https://core.trackmania.nadeo.live/maps/dcdff84f-bd04-4b75-aad7-407435688ec8/thumbnail.jpg,Spring 2023 - 23,46.892,44.788,47.678,-1.68,4.49,-0.7859999999999943,2.1040000000000063,False
https://core.trackmania.nadeo.live/maps/1ab9232c-6838-44b9-8ba9-f6dd227f0d05/thumbnail.jpg,Spring 2023 - 24,48.456,43.908,48.301,0.32,9.39,0.15500000000000114,4.548000000000002,False
https://core.trackmania.nadeo.live/maps/87a0a489-8bc9-4d27-a005-8fea774748c4/thumbnail.jpg,Spring 2023 - 25,43.986,40.993,44.665,-1.54,6.8,-0.679000000000002,2.992999999999995,False
https://core.trackmania.nadeo.live/maps/0212f42d-bb92-4c26-8059-5ca7a5d7cfb6/thumbnail.jpg,Winter 2023 - 1,16.02,15.74,15.865,0.97,1.75,0.15499999999999936,0.27999999999999936,False
https://core.trackmania.nadeo.live/maps/a3943be7-7203-46e3-92dd-6b3f7e374023/thumbnail.jpg,Winter 2023 - 2,18.68,17.355,18.198,2.58,7.09,0.4819999999999993,1.3249999999999993,False
https://core.trackmania.nadeo.live/maps/14bf05ac-770d-48ba-a2ac-e3ccaf14a95b/thumbnail.jpg,Winter 2023 - 3,20.65,19.138,20.021,3.05,7.32,0.6289999999999978,1.511999999999997,False
https://core.trackmania.nadeo.live/maps/99b77925-3a45-4dc3-89a4-0f0574cfb1ac/thumbnail.jpg,Winter 2023 - 4,20.142,18.381,19.208,4.64,8.74,0.934000000000001,1.7609999999999992,False
https://core.trackmania.nadeo.live/maps/a0959eab-866c-41e2-9844-0360c752b162/thumbnail.jpg,Winter 2023 - 5,19.001,17.637,18.405,3.14,7.18,0.5960000000000001,1.3640000000000008,False
https://core.trackmania.nadeo.live/maps/79232ebf-b4eb-4c5a-bc37-95470be648d3/thumbnail.jpg,Winter 2023 - 6,28.305,26.923,27.852,1.6,4.88,0.4529999999999994,1.3820000000000014,False
https://core.trackmania.nadeo.live/maps/4a786e9b-f27c-4f81-9dbc-07da0398ea91/thumbnail.jpg,Winter 2023 - 7,25.451,21.701,24.92,2.09,14.73,0.5309999999999988,3.75,False
https://core.trackmania.nadeo.live/maps/f0191d90-e802-4929-8c9a-989e246dd47d/thumbnail.jpg,Winter 2023 - 8,54.558,50.354,53.634,1.69,7.71,0.9239999999999995,4.204000000000001,False
https://core.trackmania.nadeo.live/maps/f30b09d0-b29a-4632-a67b-e202b1f63df8/thumbnail.jpg,Winter 2023 - 9,30.206,28.035,29.471,2.43,7.19,0.7349999999999994,2.1709999999999994,False
https://core.trackmania.nadeo.live/maps/47ccbae8-d1c4-40cc-9535-dbbddd397479/thumbnail.jpg,Winter 2023 - 10,29.18,27.564,28.388,2.71,5.54,0.791999999999998,1.6159999999999997,False
https://core.trackmania.nadeo.live/maps/d8a07371-48c6-4194-99a4-3dc060538046/thumbnail.jpg,Winter 2023 - 11,30.999,29.322,30.608,1.26,5.41,0.39099999999999824,1.6769999999999996,False
https://core.trackmania.nadeo.live/maps/5a70b58f-6ae3-4a61-924e-74146a3c942c/thumbnail.jpg,Winter 2023 - 12,25.31,23.782,24.876,1.71,6.04,0.4339999999999975,1.5279999999999987,False
https://core.trackmania.nadeo.live/maps/f043416e-420f-4cb6-87c6-29392ebce0de/thumbnail.jpg,Winter 2023 - 13,29.618,24.508,29.081,1.81,17.25,0.536999999999999,5.109999999999999,False
https://core.trackmania.nadeo.live/maps/9bee9961-24da-43dd-8646-6d014acc69bc/thumbnail.jpg,Winter 2023 - 14,33.358,31.134,32.766,1.77,6.67,0.5919999999999987,2.2239999999999966,False
https://core.trackmania.nadeo.live/maps/95ad9bc4-b926-4421-9f27-c4103bf9f5df/thumbnail.jpg,Winter 2023 - 15,31.465,29.326,30.968,1.58,6.8,0.4969999999999999,2.1389999999999993,False
https://core.trackmania.nadeo.live/maps/c07cc03b-6536-44dd-85ec-54212023f4a0/thumbnail.jpg,Winter 2023 - 16,49.822,45.573,49.245,1.16,8.53,0.5770000000000053,4.249000000000002,False
https://core.trackmania.nadeo.live/maps/405ab088-a583-4620-8958-d360c660a58d/thumbnail.jpg,Winter 2023 - 17,63.148,59.37,63.04,0.17,5.98,0.10800000000000409,3.778000000000006,False
https://core.trackmania.nadeo.live/maps/55e6a61a-ebd4-46e9-9ccc-94739ae6cf05/thumbnail.jpg,Winter 2023 - 18,39.436,36.865,39.095,0.86,6.52,0.3410000000000011,2.570999999999998,False
https://core.trackmania.nadeo.live/maps/b2dcde56-91b3-4c4f-b2f4-f44586093721/thumbnail.jpg,Winter 2023 - 19,45.808,41.388,45.028,1.7,9.65,0.7800000000000011,4.420000000000002,False
https://core.trackmania.nadeo.live/maps/257bba1a-6bad-4641-adc0-5b4fbf8f5bdd/thumbnail.jpg,Winter 2023 - 20,38.987,35.245,37.898,2.79,9.6,1.0889999999999986,3.7420000000000044,False
https://core.trackmania.nadeo.live/maps/b313f161-e437-41fb-8585-17025c6b2566/thumbnail.jpg,Winter 2023 - 21,57.14,54.735,57.762,-1.09,4.21,-0.6219999999999999,2.405000000000001,False
https://core.trackmania.nadeo.live/maps/b37e8833-cd50-4da7-99aa-9643ebf4367b/thumbnail.jpg,Winter 2023 - 22,61.423,56.211,60.783,1.04,8.49,0.6400000000000006,5.212000000000003,False
https://core.trackmania.nadeo.live/maps/d936184b-d319-4c43-b61f-2804d41c26e3/thumbnail.jpg,Winter 2023 - 23,60.952,57.098,60.618,0.55,6.32,0.3339999999999961,3.853999999999999,False
https://core.trackmania.nadeo.live/maps/b2318ea4-d0e3-460c-a87d-dd5a0ececf5d/thumbnail.jpg,Winter 2023 - 24,59.135,55.218,60.111,-1.65,6.62,-0.9759999999999991,3.9169999999999945,False
https://core.trackmania.nadeo.live/maps/fdd8cb00-3aa7-45d5-856a-f9bc61355908/thumbnail.jpg,Winter 2023 - 25,65.341,54.928,64.685,1.0,15.94,0.6559999999999917,10.412999999999997,False
https://core.trackmania.nadeo.live/maps/e4cad687-ab1e-41d5-bff2-68bf8fd26be5/thumbnail.jpg,Fall 2022 - 1,19.545,17.662,18.27,6.52,9.63,1.2750000000000021,1.8830000000000027,False
https://core.trackmania.nadeo.live/maps/1d5541f0-d139-494c-9cf8-9799dadf83b1/thumbnail.jpg,Fall 2022 - 2,19.455,18.688,18.925,2.72,3.94,0.5299999999999976,0.7669999999999995,False
https://core.trackmania.nadeo.live/maps/4209915c-37a9-4e6e-984c-dc69cc421a8d/thumbnail.jpg,Fall 2022 - 3,21.651,20.105,20.831,3.79,7.14,0.8200000000000003,1.5459999999999994,False
https://core.trackmania.nadeo.live/maps/9e19e005-3583-4d6d-b4a1-cb21fd3b7ea0/thumbnail.jpg,Fall 2022 - 4,30.058,28.598,29.313,2.48,4.86,0.745000000000001,1.4600000000000009,False
https://core.trackmania.nadeo.live/maps/8f57f9cc-380e-40a4-a790-b2c31bf082b0/thumbnail.jpg,Fall 2022 - 5,23.61,22.568,23.224,1.63,4.41,0.38599999999999923,1.041999999999998,False
https://core.trackmania.nadeo.live/maps/82969eb5-e48f-4d4f-8a1f-3a30b568c2fc/thumbnail.jpg,Fall 2022 - 6,29.854,27.571,29.066,2.64,7.65,0.7880000000000003,2.2829999999999977,False
https://core.trackmania.nadeo.live/maps/ebc72d7b-437e-4254-b698-0463ba8683a0/thumbnail.jpg,Fall 2022 - 7,28.808,26.485,27.773,3.59,8.06,1.0350000000000001,2.3230000000000004,False
https://core.trackmania.nadeo.live/maps/95dda4a0-77af-4c37-a183-873eb69fc15d/thumbnail.jpg,Fall 2022 - 8,28.442,26.913,27.93,1.8,5.38,0.5120000000000005,1.529,False
https://core.trackmania.nadeo.live/maps/74f3e5fa-9c92-4b8a-9ae8-e31b86b3c3d2/thumbnail.jpg,Fall 2022 - 9,28.891,27.286,28.451,1.52,5.56,0.4399999999999977,1.6049999999999969,False
https://core.trackmania.nadeo.live/maps/9e95d12c-2c4d-4b9c-85f1-e94288a005cb/thumbnail.jpg,Fall 2022 - 10,31.204,28.914,30.158,3.35,7.34,1.0459999999999994,2.289999999999999,False
https://core.trackmania.nadeo.live/maps/2a72791f-f68f-440d-8d16-d0e2f8366fbc/thumbnail.jpg,Fall 2022 - 11,39.852,36.218,39.403,1.13,9.12,0.44899999999999807,3.6339999999999932,False
https://core.trackmania.nadeo.live/maps/8021ae2d-0975-410d-a44d-ef0314e5e680/thumbnail.jpg,Fall 2022 - 12,43.498,40.746,43.19,0.71,6.33,0.30799999999999983,2.7519999999999953,False
https://core.trackmania.nadeo.live/maps/fd44cd5d-2495-4ca0-acfd-d328d8ea2fb1/thumbnail.jpg,Fall 2022 - 13,38.367,34.971,37.798,1.48,8.85,0.5689999999999955,3.396000000000001,False
https://core.trackmania.nadeo.live/maps/8acc07e7-2f14-44e7-b121-8bf7836cd792/thumbnail.jpg,Fall 2022 - 14,38.284,35.302,37.455,2.17,7.79,0.8290000000000006,2.9819999999999993,False
https://core.trackmania.nadeo.live/maps/b33ea484-c1f5-454e-818f-13603d4f5d4b/thumbnail.jpg,Fall 2022 - 15,41.882,38.614,41.14,1.77,7.8,0.7419999999999973,3.2680000000000007,False
https://core.trackmania.nadeo.live/maps/c7e60ef0-3421-400d-abf6-e12612d8accb/thumbnail.jpg,Fall 2022 - 16,44.721,41.085,44.02,1.57,8.13,0.7009999999999934,3.6359999999999957,False
https://core.trackmania.nadeo.live/maps/f4a8adef-dc5f-4f12-bb61-da0fbe636c3e/thumbnail.jpg,Fall 2022 - 17,53.828,49.281,53.112,1.33,8.45,0.7160000000000011,4.547000000000004,False
https://core.trackmania.nadeo.live/maps/4eb28728-2dfd-4d45-b889-a437c56861e3/thumbnail.jpg,Fall 2022 - 18,57.684,53.964,57.409,0.48,6.45,0.2749999999999986,3.719999999999999,False
https://core.trackmania.nadeo.live/maps/f4c58563-9d2f-4505-9b3b-a43a87e89b7d/thumbnail.jpg,Fall 2022 - 19,56.12,50.94,55.152,1.72,9.23,0.9679999999999964,5.18,False
https://core.trackmania.nadeo.live/maps/ef223b47-ba73-4527-b742-f0f2457243ba/thumbnail.jpg,Fall 2022 - 20,49.374,45.3,48.95,0.86,8.25,0.4239999999999995,4.074000000000005,False
https://core.trackmania.nadeo.live/maps/274b72ec-879c-470d-b633-e33c60b006ef/thumbnail.jpg,Fall 2022 - 21,62.212,58.771,62.133,0.13,5.53,0.07900000000000063,3.4410000000000025,False
https://core.trackmania.nadeo.live/maps/ef350c64-06d0-4e31-8d6d-9cd7c20d6616/thumbnail.jpg,Fall 2022 - 22,64.321,58.415,64.21,0.17,9.18,0.1110000000000042,5.905999999999999,False
https://core.trackmania.nadeo.live/maps/6568a645-5c21-4766-8d57-421163b66cfe/thumbnail.jpg,Fall 2022 - 23,62.636,57.614,62.505,0.21,8.02,0.13100000000000023,5.022000000000006,False
https://core.trackmania.nadeo.live/maps/313bc422-8ba4-4882-9095-ee88e0a9fb2a/thumbnail.jpg,Fall 2022 - 24,62.851,56.197,62.198,1.04,10.59,0.6529999999999987,6.653999999999996,False
https://core.trackmania.nadeo.live/maps/14f9f9ec-e75e-495c-924a-ce63f410d748/thumbnail.jpg,Fall 2022 - 25,64.581,59.613,64.581,0.0,7.69,0.0,4.9680000000000035,False
https://core.trackmania.nadeo.live/maps/2f7e047d-9ea5-4e03-8f8e-b3ad487bdf84/thumbnail.jpg,Summer 2022 - 1,16.805,15.634,16.178,3.73,6.97,0.6269999999999989,1.1709999999999994,False
https://core.trackmania.nadeo.live/maps/1757ada3-30cf-421d-a24f-68a2cfc35593/thumbnail.jpg,Summer 2022 - 2,19.701,17.818,18.445,6.38,9.56,1.2560000000000002,1.8829999999999991,False
https://core.trackmania.nadeo.live/maps/fe20f719-7ed3-4b89-8259-8001e87c3245/thumbnail.jpg,Summer 2022 - 3,19.915,18.717,19.503,2.07,6.02,0.41199999999999903,1.1980000000000004,False
https://core.trackmania.nadeo.live/maps/7029070f-c498-4086-bc69-5f13e106417a/thumbnail.jpg,Summer 2022 - 4,22.008,20.627,21.088,4.18,6.27,0.9199999999999982,1.3810000000000002,False
https://core.trackmania.nadeo.live/maps/9dd98ef9-8326-455e-b87c-d39a3fe4d524/thumbnail.jpg,Summer 2022 - 5,28.505,26.458,27.398,3.88,7.18,1.1069999999999993,2.0470000000000006,False
https://core.trackmania.nadeo.live/maps/caf672ed-9920-41ac-86fb-7999c66f8040/thumbnail.jpg,Summer 2022 - 6,35.598,33.14,34.643,2.68,6.9,0.9549999999999983,2.4579999999999984,False
https://core.trackmania.nadeo.live/maps/52e68aec-0b4a-478a-b780-296a194000f8/thumbnail.jpg,Summer 2022 - 7,26.314,23.237,24.21,8.0,11.69,2.103999999999999,3.0770000000000017,False
https://core.trackmania.nadeo.live/maps/a35ba227-b68c-4a1e-bbff-9847782d9620/thumbnail.jpg,Summer 2022 - 8,19.536,15.197,16.408,16.01,22.21,3.128,4.339000000000002,False
https://core.trackmania.nadeo.live/maps/e34970c5-5ec4-4cd7-9812-62d83f79b9cc/thumbnail.jpg,Summer 2022 - 9,36.402,33.666,35.188,3.33,7.52,1.2139999999999986,2.736000000000004,False
https://core.trackmania.nadeo.live/maps/89fdee90-09d5-47a5-92fc-42eefe578834/thumbnail.jpg,Summer 2022 - 10,30.957,29.325,30.352,1.95,5.27,0.6050000000000004,1.6320000000000014,False
https://core.trackmania.nadeo.live/maps/6fef094e-0f37-467e-8a76-f20cf5ffbf01/thumbnail.jpg,Summer 2022 - 11,33.958,31.757,33.457,1.48,6.48,0.5009999999999977,2.200999999999997,False
https://core.trackmania.nadeo.live/maps/97dfabaf-bc9d-4d07-b08e-6cbdab76354c/thumbnail.jpg,Summer 2022 - 12,37.845,35.636,37.388,1.21,5.84,0.45700000000000074,2.208999999999996,False
https://core.trackmania.nadeo.live/maps/bb917bdb-5958-495a-adfb-70a886f6bd1b/thumbnail.jpg,Summer 2022 - 13,40.196,35.246,39.314,2.19,12.31,0.8819999999999979,4.949999999999996,False
https://core.trackmania.nadeo.live/maps/9e7ee9cb-a38d-454b-bd60-7d3dd42143db/thumbnail.jpg,Summer 2022 - 14,38.97,32.89,37.752,3.13,15.6,1.2179999999999964,6.079999999999998,False
https://core.trackmania.nadeo.live/maps/bb97a468-ac98-4273-aef3-9d6631c17976/thumbnail.jpg,Summer 2022 - 15,38.863,35.998,38.076,2.03,7.37,0.786999999999999,2.865000000000002,False
https://core.trackmania.nadeo.live/maps/4aa3344c-9876-417b-a0e4-96c10e5f4e2b/thumbnail.jpg,Summer 2022 - 16,49.644,45.725,48.676,1.95,7.89,0.9679999999999964,3.918999999999997,False
https://core.trackmania.nadeo.live/maps/158bbb98-2f67-4464-a43f-e610cddfcd76/thumbnail.jpg,Summer 2022 - 17,42.651,40.062,42.311,0.8,6.07,0.3400000000000034,2.5890000000000057,False
https://core.trackmania.nadeo.live/maps/83bd6702-ae66-49fa-96c2-a58945cf71ea/thumbnail.jpg,Summer 2022 - 18,51.878,42.021,48.488,6.53,19.0,3.3900000000000006,9.857,False
https://core.trackmania.nadeo.live/maps/77f987dc-8448-409f-a969-ee89adca6ac8/thumbnail.jpg,Summer 2022 - 19,44.892,38.342,43.643,2.78,14.59,1.2490000000000023,6.550000000000004,False
https://core.trackmania.nadeo.live/maps/0917e050-bd20-4758-b4cf-7b0736c36863/thumbnail.jpg,Summer 2022 - 20,42.999,37.376,42.47,1.23,13.08,0.5290000000000035,5.623000000000005,False
https://core.trackmania.nadeo.live/maps/39a46e22-b6fd-43bd-9683-1061bd88d2d5/thumbnail.jpg,Summer 2022 - 21,58.697,54.975,58.646,0.09,6.34,0.05100000000000193,3.7220000000000013,False
https://core.trackmania.nadeo.live/maps/2bf6d287-4ccc-488a-8bcc-a427c148600d/thumbnail.jpg,Summer 2022 - 22,61.782,55.838,61.584,0.32,9.62,0.1979999999999933,5.9439999999999955,False
https://core.trackmania.nadeo.live/maps/13e63673-2165-4c8d-99aa-0c58d4e2a2dd/thumbnail.jpg,Summer 2022 - 23,58.797,50.168,57.935,1.47,14.68,0.8619999999999948,8.628999999999998,False
https://core.trackmania.nadeo.live/maps/875c05c7-dd33-4cd4-b0ea-d6e210b95260/thumbnail.jpg,Summer 2022 - 24,56.986,51.976,56.783,0.36,8.79,0.20299999999999585,5.009999999999998,False
https://core.trackmania.nadeo.live/maps/87ccc1f9-1fe7-4022-965c-533d72b1156d/thumbnail.jpg,Summer 2022 - 25,66.651,63.234,66.577,0.11,5.13,0.07399999999999807,3.4169999999999945,False
https://core.trackmania.nadeo.live/maps/df781bdb-6f9a-4efc-855b-dbef446e1b8a/thumbnail.jpg,Spring 2022 - 1,24.302,23.243,23.503,3.29,4.36,0.7989999999999995,1.059000000000001,False
https://core.trackmania.nadeo.live/maps/db589f15-ef00-4de4-b3ee-9383f1a1eecf/thumbnail.jpg,Spring 2022 - 2,20.086,19.048,19.624,2.3,5.17,0.46199999999999974,1.0380000000000003,False
https://core.trackmania.nadeo.live/maps/69130a9e-674f-4491-b4f8-2dedf757c7e5/thumbnail.jpg,Spring 2022 - 3,25.672,20.484,23.396,8.87,20.21,2.276,5.187999999999999,False
https://core.trackmania.nadeo.live/maps/ea3bb2f5-a546-45b4-8231-c53377280389/thumbnail.jpg,Spring 2022 - 4,24.658,22.732,24.065,2.4,7.81,0.593,1.926000000000002,False
https://core.trackmania.nadeo.live/maps/09b72f75-af7b-4fd0-bba7-7a3d1c83cd6d/thumbnail.jpg,Spring 2022 - 5,29.892,28.452,29.411,1.61,4.82,0.4809999999999981,1.4399999999999977,False
https://core.trackmania.nadeo.live/maps/17b7e6ee-2c2d-48af-9380-7d5b93c1f853/thumbnail.jpg,Spring 2022 - 6,36.415,34.071,35.745,1.84,6.44,0.6700000000000017,2.344000000000001,False
https://core.trackmania.nadeo.live/maps/e191d74f-a2ee-4725-b8c4-ec5e6aabbf95/thumbnail.jpg,Spring 2022 - 7,37.065,32.958,35.18,5.09,11.08,1.884999999999998,4.106999999999999,False
https://core.trackmania.nadeo.live/maps/e6901f1a-d976-43eb-8fde-e86caf745e47/thumbnail.jpg,Spring 2022 - 8,26.598,25.503,25.906,2.6,4.12,0.6920000000000002,1.0949999999999989,False
https://core.trackmania.nadeo.live/maps/f9ec5774-d2f4-4217-87dc-5d74dad02586/thumbnail.jpg,Spring 2022 - 9,31.096,28.25,29.801,4.16,9.15,1.2950000000000017,2.846,False
https://core.trackmania.nadeo.live/maps/e1cfc447-1c79-4e6a-8afe-5290ffa0c67f/thumbnail.jpg,Spring 2022 - 10,32.314,29.311,31.874,1.36,9.29,0.4400000000000013,3.003,False
https://core.trackmania.nadeo.live/maps/6e08e2c0-ff25-44e4-8ac0-276de7cdcd4b/thumbnail.jpg,Spring 2022 - 11,40.627,36.552,39.458,2.88,10.03,1.169000000000004,4.075000000000003,False
https://core.trackmania.nadeo.live/maps/e9349dfa-c8bd-4c8e-88d3-daad158763ae/thumbnail.jpg,Spring 2022 - 12,40.412,36.11,39.07,3.32,10.65,1.3419999999999987,4.302,False
https://core.trackmania.nadeo.live/maps/23a49e05-77c9-4d2c-b6e3-182980d2408a/thumbnail.jpg,Spring 2022 - 13,42.593,38.65,42.304,0.68,9.26,0.2890000000000015,3.943000000000005,False
https://core.trackmania.nadeo.live/maps/869af84c-901a-496a-accb-b2b086560ff4/thumbnail.jpg,Spring 2022 - 14,40.536,34.704,39.534,2.47,14.39,1.0020000000000024,5.832000000000001,False
https://core.trackmania.nadeo.live/maps/9a0d330e-f5b7-45b6-aab1-6736b0a992f2/thumbnail.jpg,Spring 2022 - 15,47.902,44.06,47.37,1.11,8.02,0.5320000000000036,3.8419999999999987,False
https://core.trackmania.nadeo.live/maps/8d533e76-44cc-436f-82b7-b54a42bb0604/thumbnail.jpg,Spring 2022 - 16,58.996,55.261,58.306,1.17,6.33,0.6900000000000048,3.7349999999999994,False
https://core.trackmania.nadeo.live/maps/02e16512-590f-42f8-9932-0aa46e20e9c0/thumbnail.jpg,Spring 2022 - 17,50.586,47.648,50.155,0.85,5.81,0.4309999999999974,2.9379999999999953,False
https://core.trackmania.nadeo.live/maps/7c7d55e1-de7c-4352-9704-93aee81ebf32/thumbnail.jpg,Spring 2022 - 18,55.774,46.853,54.247,2.74,15.99,1.527000000000001,8.921,False
https://core.trackmania.nadeo.live/maps/643b7019-f12a-4323-88be-3e1166a89c4c/thumbnail.jpg,Spring 2022 - 19,53.998,49.245,53.211,1.46,8.8,0.786999999999999,4.753,False
https://core.trackmania.nadeo.live/maps/59deeb6e-b7ed-46bc-b9e0-e0433f5662ea/thumbnail.jpg,Spring 2022 - 20,64.325,55.763,63.608,1.11,13.31,0.7170000000000059,8.562000000000005,False
https://core.trackmania.nadeo.live/maps/aa882d79-cae0-4733-8ae5-f80ede16e99e/thumbnail.jpg,Spring 2022 - 21,62.997,56.386,61.987,1.6,10.49,1.009999999999998,6.610999999999997,False
https://core.trackmania.nadeo.live/maps/00e5a646-5b21-4a65-bc78-0233d2a7cb4e/thumbnail.jpg,Spring 2022 - 22,63.052,53.681,61.312,2.76,14.86,1.740000000000002,9.371000000000002,False
https://core.trackmania.nadeo.live/maps/3a1f55bf-34f2-49aa-821f-3b101670191d/thumbnail.jpg,Spring 2022 - 23,59.741,56.295,59.558,0.31,5.77,0.18299999999999983,3.445999999999998,False
https://core.trackmania.nadeo.live/maps/491eebc2-7e98-4906-b11d-b1822e7a5163/thumbnail.jpg,Spring 2022 - 24,70.854,64.872,71.712,-1.21,8.44,-0.8580000000000041,5.981999999999999,False
https://core.trackmania.nadeo.live/maps/bf01c5f2-0539-476d-9406-17e213570eb8/thumbnail.jpg,Spring 2022 - 25,69.489,63.803,69.234,0.37,8.18,0.25500000000000966,5.686000000000007,False
https://core.trackmania.nadeo.live/maps/42c91c55-6ed0-4e8f-88c4-15a33459c870/thumbnail.jpg,Winter 2022 - 1,22.215,20.165,20.938,5.75,9.23,1.277000000000001,2.0500000000000007,False
https://core.trackmania.nadeo.live/maps/918352fb-7c5a-460c-a837-fa38f664bd9e/thumbnail.jpg,Winter 2022 - 2,20.222,18.773,19.516,3.49,7.17,0.7060000000000031,1.4490000000000016,False
https://core.trackmania.nadeo.live/maps/e4f362b4-9628-48da-966f-49eb584f878d/thumbnail.jpg,Winter 2022 - 3,24.396,22.946,23.628,3.15,5.94,0.7680000000000007,1.4499999999999993,False
https://core.trackmania.nadeo.live/maps/9c5076fb-df3e-458a-b28d-88fe5e8b7550/thumbnail.jpg,Winter 2022 - 4,23.398,22.434,22.948,1.92,4.12,0.4499999999999993,0.9639999999999986,False
https://core.trackmania.nadeo.live/maps/45f80b54-205f-47a2-bff3-352d39738e03/thumbnail.jpg,Winter 2022 - 5,36.658,33.024,35.555,3.01,9.91,1.1030000000000015,3.6340000000000003,False
https://core.trackmania.nadeo.live/maps/a5ca3607-8273-454a-96ff-1d007b734fed/thumbnail.jpg,Winter 2022 - 6,27.154,25.343,26.656,1.83,6.67,0.4980000000000011,1.811,False
https://core.trackmania.nadeo.live/maps/6c93a3bb-2a21-43c8-8f54-4b3f729ca2e2/thumbnail.jpg,Winter 2022 - 7,30.784,28.296,30.096,2.23,8.08,0.6879999999999988,2.4879999999999995,False
https://core.trackmania.nadeo.live/maps/35ee8ba6-22ec-4e08-b12d-e6af1bee9c71/thumbnail.jpg,Winter 2022 - 8,28.685,26.29,27.968,2.5,8.35,0.7169999999999987,2.3949999999999996,False
https://core.trackmania.nadeo.live/maps/88f4c0ec-f394-4b8c-90fc-11c254ac18b5/thumbnail.jpg,Winter 2022 - 9,29.285,26.982,28.538,2.55,7.86,0.7469999999999999,2.303000000000001,False
https://core.trackmania.nadeo.live/maps/82faae8d-d457-4628-8dfb-95171970dab5/thumbnail.jpg,Winter 2022 - 10,32.257,30.1,31.853,1.25,6.69,0.40399999999999636,2.1569999999999965,False
https://core.trackmania.nadeo.live/maps/eaeed0f4-a5b8-4d4c-a260-5275c3fd45fd/thumbnail.jpg,Winter 2022 - 11,43.301,36.47,42.815,1.12,15.78,0.4860000000000042,6.831000000000003,False
https://core.trackmania.nadeo.live/maps/59130908-aba2-41c8-81d5-ce1a9fccd101/thumbnail.jpg,Winter 2022 - 12,33.502,30.956,32.768,2.19,7.6,0.7340000000000018,2.546000000000003,False
https://core.trackmania.nadeo.live/maps/f9d912ab-3b84-444c-81e6-4af486a721bc/thumbnail.jpg,Winter 2022 - 13,44.364,38.596,40.55,8.6,13.0,3.814,5.768000000000001,False
https://core.trackmania.nadeo.live/maps/c216f0ed-f6de-4a57-9e63-07d50446795e/thumbnail.jpg,Winter 2022 - 14,42.254,39.922,42.045,0.49,5.52,0.20899999999999608,2.3320000000000007,False
https://core.trackmania.nadeo.live/maps/804d3c67-ad14-4ff8-863a-65c62654a325/thumbnail.jpg,Winter 2022 - 15,40.263,36.576,39.568,1.73,9.16,0.6950000000000003,3.6869999999999976,False
https://core.trackmania.nadeo.live/maps/1789af58-d494-4cb0-8f2d-dcaa2a0b8c00/thumbnail.jpg,Winter 2022 - 16,46.628,43.704,46.515,0.24,6.27,0.11299999999999955,2.9239999999999995,False
https://core.trackmania.nadeo.live/maps/ed1bf03e-18af-432c-b6fb-bbe76db7c0a6/thumbnail.jpg,Winter 2022 - 17,46.294,42.718,45.803,1.06,7.72,0.49099999999999966,3.5759999999999934,False
https://core.trackmania.nadeo.live/maps/624068be-4798-4a0d-a773-6b92d4e23936/thumbnail.jpg,Winter 2022 - 18,54.903,51.115,54.735,0.31,6.9,0.16799999999999926,3.7879999999999967,False
https://core.trackmania.nadeo.live/maps/95c6d509-9a8b-4be5-b9ba-1eff760b2d35/thumbnail.jpg,Winter 2022 - 19,56.652,52.695,56.503,0.26,6.98,0.1490000000000009,3.9570000000000007,False
https://core.trackmania.nadeo.live/maps/ca9fb42d-88fb-4baf-a1d6-5e796ee7ce2f/thumbnail.jpg,Winter 2022 - 20,47.999,46.048,47.871,0.27,4.06,0.1280000000000001,1.9510000000000005,False
https://core.trackmania.nadeo.live/maps/f5dced31-0fd2-4bc9-91ab-0f02c150b21d/thumbnail.jpg,Winter 2022 - 21,62.858,58.581,62.895,-0.06,6.8,-0.03700000000000614,4.276999999999994,False
https://core.trackmania.nadeo.live/maps/f2e70ecb-e8c5-49ed-a71c-ca5766ea98a8/thumbnail.jpg,Winter 2022 - 22,59.497,54.741,59.296,0.34,7.99,0.2010000000000005,4.756,False
https://core.trackmania.nadeo.live/maps/d4972bc5-73af-438f-b02a-b4de8dc2e5f2/thumbnail.jpg,Winter 2022 - 23,65.678,61.633,68.494,-4.29,6.16,-2.8160000000000025,4.044999999999995,False
https://core.trackmania.nadeo.live/maps/a0537577-c332-49b2-8600-271b8ffa6185/thumbnail.jpg,Winter 2022 - 24,67.452,61.634,69.652,-3.26,8.63,-2.200000000000003,5.817999999999998,False
https://core.trackmania.nadeo.live/maps/0d27d57c-a8ca-43af-91ec-98a008aff27d/thumbnail.jpg,Winter 2022 - 25,74.684,67.2,76.022,-1.79,10.02,-1.338000000000008,7.483999999999995,False
https://core.trackmania.nadeo.live/maps/2d87d82c-0bc7-4e76-bd29-69bf2b10ebaf/thumbnail.jpg,Fall 2021 - 1,24.448,23.178,23.892,2.27,5.19,0.5560000000000009,1.2699999999999996,False
https://core.trackmania.nadeo.live/maps/7026a60a-cc4c-4322-900a-b64d16160802/thumbnail.jpg,Fall 2021 - 2,17.234,16.251,16.71,3.04,5.7,0.5240000000000009,0.9830000000000005,False
https://core.trackmania.nadeo.live/maps/da892fb1-402a-472b-b95d-bd8cfed96e50/thumbnail.jpg,Fall 2021 - 3,26.715,25.318,25.855,3.22,5.23,0.8599999999999994,1.3969999999999985,False
https://core.trackmania.nadeo.live/maps/1ca6150b-960d-41d3-9805-8960925317bc/thumbnail.jpg,Fall 2021 - 4,24.756,23.996,24.392,1.47,3.07,0.36400000000000077,0.7600000000000016,False
https://core.trackmania.nadeo.live/maps/7378d9ad-4cd7-4642-8360-301def0d14a5/thumbnail.jpg,Fall 2021 - 5,32.826,28.585,30.822,6.1,12.92,2.0040000000000013,4.241,False
https://core.trackmania.nadeo.live/maps/7bd387fa-e5a1-4a8a-9f41-c54d2f52ba78/thumbnail.jpg,Fall 2021 - 6,28.942,26.558,27.715,4.24,8.24,1.2270000000000003,2.3840000000000003,False
https://core.trackmania.nadeo.live/maps/b90f90e2-e7fb-4628-83b2-d8d723974884/thumbnail.jpg,Fall 2021 - 7,30.988,28.468,30.326,2.14,8.13,0.661999999999999,2.5199999999999996,False
https://core.trackmania.nadeo.live/maps/35fd44f5-8811-4f2c-9159-4b1eb774d28e/thumbnail.jpg,Fall 2021 - 8,33.355,31.157,32.862,1.48,6.59,0.492999999999995,2.197999999999997,False
https://core.trackmania.nadeo.live/maps/76a435b6-f034-4ef9-8d11-534b169844be/thumbnail.jpg,Fall 2021 - 9,33.201,29.975,32.508,2.09,9.72,0.6929999999999978,3.225999999999999,False
https://core.trackmania.nadeo.live/maps/7997e20e-78b5-418a-a8f9-5c4c0785b208/thumbnail.jpg,Fall 2021 - 10,37.528,35.888,36.935,1.58,4.37,0.5929999999999964,1.6400000000000006,False
https://core.trackmania.nadeo.live/maps/11022b79-a442-42f9-8463-c557779ec500/thumbnail.jpg,Fall 2021 - 11,39.412,35.114,38.515,2.28,10.91,0.8969999999999985,4.298000000000002,False
https://core.trackmania.nadeo.live/maps/3dd9a203-0237-4aa6-8482-cf867af838ad/thumbnail.jpg,Fall 2021 - 12,38.269,34.457,37.286,2.57,9.96,0.982999999999997,3.8119999999999976,False
https://core.trackmania.nadeo.live/maps/97f3f017-1068-4d4a-9e81-7acda708b66c/thumbnail.jpg,Fall 2021 - 13,35.247,32.241,34.406,2.39,8.53,0.8410000000000011,3.0060000000000002,False
https://core.trackmania.nadeo.live/maps/2df8b209-40d3-4cb9-94ca-5cf6b520fade/thumbnail.jpg,Fall 2021 - 14,35.258,33.631,34.806,1.28,4.61,0.4520000000000053,1.6270000000000024,False
https://core.trackmania.nadeo.live/maps/db2bc794-77fb-4581-ad57-7ad116d7d721/thumbnail.jpg,Fall 2021 - 15,38.581,33.64,37.288,3.35,12.81,1.2930000000000064,4.9410000000000025,False
https://core.trackmania.nadeo.live/maps/11675d7d-f78c-40e2-9375-33b638fc0890/thumbnail.jpg,Fall 2021 - 16,41.624,37.026,41.234,0.94,11.05,0.39000000000000057,4.597999999999999,False
https://core.trackmania.nadeo.live/maps/2a442ade-97de-4edd-9569-bc2045e13ba3/thumbnail.jpg,Fall 2021 - 17,37.316,33.588,36.668,1.74,9.99,0.6480000000000032,3.7280000000000015,False
https://core.trackmania.nadeo.live/maps/3a677dc3-62f0-4cf6-81fc-a55d5869798b/thumbnail.jpg,Fall 2021 - 18,42.22,37.723,41.048,2.78,10.65,1.171999999999997,4.497,False
https://core.trackmania.nadeo.live/maps/54a3f5e0-e1df-4c11-8ecc-ed57e32b3c3e/thumbnail.jpg,Fall 2021 - 19,52.575,41.798,50.997,3.0,20.5,1.578000000000003,10.777000000000001,False
https://core.trackmania.nadeo.live/maps/e7f101ce-8453-42c5-b0d7-b1e0d3e5aa55/thumbnail.jpg,Fall 2021 - 20,51.234,46.783,50.711,1.02,8.69,0.5230000000000032,4.4510000000000005,False
https://core.trackmania.nadeo.live/maps/a0bf4b47-b98a-4a14-8e45-86f766d358eb/thumbnail.jpg,Fall 2021 - 21,54.298,49.631,54.078,0.41,8.6,0.21999999999999886,4.667000000000002,False
https://core.trackmania.nadeo.live/maps/89bda289-c267-4241-8c29-e2e7d35db4e5/thumbnail.jpg,Fall 2021 - 22,52.037,48.385,51.606,0.83,7.02,0.4309999999999974,3.652000000000001,False
https://core.trackmania.nadeo.live/maps/ff666b6b-1f93-4212-b5d0-5d126869f0f5/thumbnail.jpg,Fall 2021 - 23,52.551,45.959,52.498,0.1,12.54,0.05300000000000438,6.591999999999999,False
https://core.trackmania.nadeo.live/maps/af0292bb-6ca7-42ce-9af3-7a3546fb7da6/thumbnail.jpg,Fall 2021 - 24,62.641,58.595,62.844,-0.32,6.46,-0.20300000000000296,4.045999999999999,False
https://core.trackmania.nadeo.live/maps/41a47fac-80d1-4632-8f81-32308324ee4a/thumbnail.jpg,Fall 2021 - 25,64.762,60.666,64.744,0.03,6.32,0.018000000000000682,4.096000000000004,False
https://core.trackmania.nadeo.live/maps/6fdc9bfa-6ff9-4916-ae0c-90e083a7bb19/thumbnail.jpg,Summer 2021 - 1,21.024,20.228,20.534,2.33,3.79,0.490000000000002,0.7959999999999994,False
https://core.trackmania.nadeo.live/maps/98e5b935-9825-44e2-99f2-ebe7f5423966/thumbnail.jpg,Summer 2021 - 2,25.371,23.878,24.755,2.43,5.88,0.6159999999999997,1.4929999999999986,False
https://core.trackmania.nadeo.live/maps/59baaabe-7914-493b-9659-437b6ad024bf/thumbnail.jpg,Summer 2021 - 3,22.201,20.611,21.282,4.14,7.16,0.9190000000000005,1.5899999999999999,False
https://core.trackmania.nadeo.live/maps/4350a2ce-4118-4d61-b536-14e1a2de1e15/thumbnail.jpg,Summer 2021 - 4,26.84,24.205,25.584,4.68,9.82,1.2560000000000002,2.6350000000000016,False
https://core.trackmania.nadeo.live/maps/b9d9ad53-a005-44e9-83ed-05aeb009977b/thumbnail.jpg,Summer 2021 - 5,37.614,35.327,36.488,2.99,6.08,1.1259999999999977,2.286999999999999,False
https://core.trackmania.nadeo.live/maps/16fdfbaf-3b47-490b-901f-e90db89aaa84/thumbnail.jpg,Summer 2021 - 6,27.636,25.476,26.815,2.97,7.82,0.820999999999998,2.16,False
https://core.trackmania.nadeo.live/maps/ba0a5af2-eecc-4dd6-bbdd-154315dccbfd/thumbnail.jpg,Summer 2021 - 7,25.578,22.111,24.874,2.75,13.55,0.7040000000000006,3.4669999999999987,False
https://core.trackmania.nadeo.live/maps/02c4c6a0-b389-4a66-9970-f24b741a058d/thumbnail.jpg,Summer 2021 - 8,25.94,23.38,25.254,2.64,9.87,0.6859999999999999,2.5600000000000023,False
https://core.trackmania.nadeo.live/maps/882868f8-a2cf-4767-9608-5416ad1c6cac/thumbnail.jpg,Summer 2021 - 9,25.353,23.538,24.428,3.65,7.16,0.9250000000000007,1.8150000000000013,False
https://core.trackmania.nadeo.live/maps/1d4fb324-5974-477c-b714-216089564b89/thumbnail.jpg,Summer 2021 - 10,38.52,35.385,37.11,3.66,8.14,1.4100000000000037,3.135000000000005,False
https://core.trackmania.nadeo.live/maps/64cf9fce-4f49-41e8-b80b-6d2fe2151b8b/thumbnail.jpg,Summer 2021 - 11,33.427,30.761,33.028,1.19,7.98,0.3990000000000009,2.6660000000000004,False
https://core.trackmania.nadeo.live/maps/e554e8f6-a44b-42e1-bf4b-a422f356e323/thumbnail.jpg,Summer 2021 - 12,37.097,33.531,36.115,2.65,9.61,0.9819999999999993,3.5660000000000025,False
https://core.trackmania.nadeo.live/maps/dd26f337-8513-4d66-b248-b17f1ebee624/thumbnail.jpg,Summer 2021 - 13,35.829,33.51,35.727,0.28,6.47,0.10200000000000387,2.3190000000000026,False
https://core.trackmania.nadeo.live/maps/d6dc412d-55ac-4ad1-9e3a-d981cd3ef808/thumbnail.jpg,Summer 2021 - 14,36.418,33.554,35.543,2.4,7.86,0.875,2.863999999999997,False
https://core.trackmania.nadeo.live/maps/57c99dc6-6308-4e29-aef4-89214dffe06f/thumbnail.jpg,Summer 2021 - 15,48.694,45.301,48.496,0.41,6.97,0.1980000000000004,3.3930000000000007,False
https://core.trackmania.nadeo.live/maps/93776012-7ee2-4286-9afe-a8d4817dfc6b/thumbnail.jpg,Summer 2021 - 16,47.745,44.661,47.181,1.18,6.46,0.5640000000000001,3.083999999999996,False
https://core.trackmania.nadeo.live/maps/f36b992a-e3d3-49d4-a5bb-6981627e6a8a/thumbnail.jpg,Summer 2021 - 17,49.178,45.367,49.172,0.01,7.75,0.006000000000000227,3.811,False
https://core.trackmania.nadeo.live/maps/15941975-e602-4de3-b4a1-cee65cf5063b/thumbnail.jpg,Summer 2021 - 18,49.065,43.48,48.782,0.58,11.38,0.28300000000000125,5.585000000000001,False
https://core.trackmania.nadeo.live/maps/886bf86b-3aa8-4127-98d7-75026b443eb8/thumbnail.jpg,Summer 2021 - 19,53.363,48.873,52.884,0.9,8.41,0.4789999999999992,4.490000000000002,False
https://core.trackmania.nadeo.live/maps/da410530-5926-4e5b-b303-f534a51e1e6f/thumbnail.jpg,Summer 2021 - 20,60.902,50.273,57.82,5.06,17.45,3.0820000000000007,10.628999999999998,False
https://core.trackmania.nadeo.live/maps/e828bb83-0ee1-4ede-8aba-e9326947b5f4/thumbnail.jpg,Summer 2021 - 21,55.151,51.564,55.951,-1.45,6.5,-0.7999999999999972,3.5870000000000033,False
https://core.trackmania.nadeo.live/maps/90921991-4389-4617-bf5e-2890da2e5ab2/thumbnail.jpg,Summer 2021 - 22,62.633,57.864,62.542,0.15,7.61,0.09100000000000108,4.7690000000000055,False
https://core.trackmania.nadeo.live/maps/0f3cf898-5b98-42c4-814a-5a982df8ed32/thumbnail.jpg,Summer 2021 - 23,52.414,46.601,52.318,0.18,11.09,0.09600000000000364,5.813000000000002,False
https://core.trackmania.nadeo.live/maps/5c863c76-3c83-4527-9daa-4d51ec5c399a/thumbnail.jpg,Summer 2021 - 24,62.568,55.586,61.441,1.8,11.16,1.1269999999999953,6.981999999999999,False
https://core.trackmania.nadeo.live/maps/dbd2e391-1e12-4eb9-8efd-8ed36570c3b0/thumbnail.jpg,Summer 2021 - 25,85.858,80.303,86.053,-0.23,6.47,-0.19499999999999318,5.555000000000007,False
https://core.trackmania.nadeo.live/maps/3896dc4f-919a-4da7-8c49-bcc70a341cf1/thumbnail.jpg,Spring 2021 - 1,21.755,21.058,21.335,1.93,3.2,0.41999999999999815,0.6969999999999992,False
https://core.trackmania.nadeo.live/maps/49bd3f7f-fa15-4c0d-9c89-4024c53f91ba/thumbnail.jpg,Spring 2021 - 2,19.367,17.684,18.19,6.08,8.69,1.1769999999999996,1.6829999999999998,False
https://core.trackmania.nadeo.live/maps/4ba8473e-2ba1-42e6-8452-424e30d92d77/thumbnail.jpg,Spring 2021 - 3,21.777,20.204,21.654,0.56,7.22,0.12300000000000111,1.5730000000000004,False
https://core.trackmania.nadeo.live/maps/aceeb01e-886e-417e-b793-6766f338b8a2/thumbnail.jpg,Spring 2021 - 4,33.989,30.374,33.434,1.63,10.64,0.5549999999999997,3.6149999999999984,False
https://core.trackmania.nadeo.live/maps/bb179b91-ed69-48e1-87c2-196f25b11976/thumbnail.jpg,Spring 2021 - 5,30.281,27.807,29.128,3.81,8.17,1.1529999999999987,2.474,False
https://core.trackmania.nadeo.live/maps/c0a88ff9-63ab-466e-8293-41d855920519/thumbnail.jpg,Spring 2021 - 6,30.868,27.69,30.171,2.26,10.3,0.6969999999999992,3.1779999999999973,False
https://core.trackmania.nadeo.live/maps/6f8762a2-13bc-4821-9845-f901883d9f70/thumbnail.jpg,Spring 2021 - 7,32.456,29.637,31.776,2.1,8.69,0.6800000000000033,2.8190000000000026,False
https://core.trackmania.nadeo.live/maps/6e2f48ef-fe35-4365-a35f-4c6430e3b103/thumbnail.jpg,Spring 2021 - 8,34.693,30.604,33.164,4.41,11.79,1.5289999999999964,4.088999999999999,False
https://core.trackmania.nadeo.live/maps/815a2a8e-e299-4e93-8097-5285d6036240/thumbnail.jpg,Spring 2021 - 9,39.572,36.213,38.204,3.46,8.49,1.368000000000002,3.3590000000000018,False
https://core.trackmania.nadeo.live/maps/bff0eb8e-8c15-4343-82c0-2368fbf0781c/thumbnail.jpg,Spring 2021 - 10,39.78,36.282,38.782,2.51,8.79,0.9980000000000047,3.4980000000000047,False
https://core.trackmania.nadeo.live/maps/ddc5d0d7-260c-44a4-b691-b58abd57498b/thumbnail.jpg,Spring 2021 - 11,34.105,31.542,33.572,1.56,7.52,0.5329999999999941,2.5629999999999953,False
https://core.trackmania.nadeo.live/maps/c5284a6e-ca67-49b7-995c-04ed9920b464/thumbnail.jpg,Spring 2021 - 12,34.124,27.801,33.335,2.31,18.53,0.7890000000000015,6.323000000000004,False
https://core.trackmania.nadeo.live/maps/86e8e79f-eb3b-4338-a145-bb045735d68e/thumbnail.jpg,Spring 2021 - 13,36.93,32.36,35.55,3.74,12.37,1.3800000000000026,4.57,False
https://core.trackmania.nadeo.live/maps/60aab799-42ab-4e89-8f07-ec13082844ee/thumbnail.jpg,Spring 2021 - 14,44.562,39.938,44.285,0.62,10.38,0.277000000000001,4.623999999999995,False
https://core.trackmania.nadeo.live/maps/a6d36bba-2383-4103-912a-82525d820a01/thumbnail.jpg,Spring 2021 - 15,39.37,34.908,38.298,2.72,11.33,1.0719999999999956,4.461999999999996,False
https://core.trackmania.nadeo.live/maps/6237e0d1-13b5-4701-a19f-2a0442eebf8b/thumbnail.jpg,Spring 2021 - 16,35.5,33.298,35.028,1.33,6.2,0.4720000000000013,2.201999999999998,False
https://core.trackmania.nadeo.live/maps/649a7c26-1a88-4e45-8b12-e36ef3ff19a4/thumbnail.jpg,Spring 2021 - 17,42.04,37.924,41.642,0.95,9.79,0.39799999999999613,4.116,False
https://core.trackmania.nadeo.live/maps/f35d8e12-ff09-4ad2-9d82-7e80466ea295/thumbnail.jpg,Spring 2021 - 18,44.14,39.35,43.215,2.1,10.85,0.9249999999999972,4.789999999999999,False
https://core.trackmania.nadeo.live/maps/a45e6543-8c8a-451b-9cd9-190f04a37293/thumbnail.jpg,Spring 2021 - 19,56.588,52.612,56.422,0.29,7.03,0.16600000000000392,3.975999999999999,False
https://core.trackmania.nadeo.live/maps/2f0ea14d-c4f7-4e91-b16a-e605573832c7/thumbnail.jpg,Spring 2021 - 20,45.362,42.103,44.968,0.87,7.18,0.39399999999999835,3.2590000000000003,False
https://core.trackmania.nadeo.live/maps/91551c44-652f-45e0-845e-dd91691ee29c/thumbnail.jpg,Spring 2021 - 21,54.444,49.434,54.722,-0.51,9.2,-0.2779999999999987,5.010000000000005,False
https://core.trackmania.nadeo.live/maps/496a64e4-29b9-45dc-8bd0-bbaaebb423e0/thumbnail.jpg,Spring 2021 - 22,59.51,54.061,59.343,0.28,9.16,0.1669999999999945,5.448999999999998,False
https://core.trackmania.nadeo.live/maps/f44840e7-e1ff-48de-8a39-a1990da738a7/thumbnail.jpg,Spring 2021 - 23,53.735,49.634,54.633,-1.67,7.63,-0.8980000000000032,4.100999999999999,False
https://core.trackmania.nadeo.live/maps/49e21d52-5cc5-430d-a512-50c1bdab8985/thumbnail.jpg,Spring 2021 - 24,73.636,68.672,76.141,-3.4,6.74,-2.5050000000000097,4.963999999999999,False
https://core.trackmania.nadeo.live/maps/920f4cb1-65a0-4bbe-909f-275829d45eb2/thumbnail.jpg,Spring 2021 - 25,78.942,74.278,80.746,-2.29,5.91,-1.804000000000002,4.663999999999987,False
https://core.trackmania.nadeo.live/maps/1ecb804b-caaf-4394-8a2e-2f5a23aeaf56/thumbnail.jpg,Winter 2021 - 1,25.288,23.218,24.254,4.09,8.19,1.033999999999999,2.0700000000000003,False
https://core.trackmania.nadeo.live/maps/95062c1c-e08c-420b-a548-333085b27962/thumbnail.jpg,Winter 2021 - 2,17.31,16.534,16.98,1.91,4.48,0.3299999999999983,0.7759999999999998,False
https://core.trackmania.nadeo.live/maps/5b2b3bdb-ed78-4122-b0d5-e44fe1bdab2f/thumbnail.jpg,Winter 2021 - 3,22.043,20.128,21.885,0.72,8.69,0.1579999999999977,1.9149999999999991,False
https://core.trackmania.nadeo.live/maps/a727fe4e-12a1-4175-a441-8531bbe23895/thumbnail.jpg,Winter 2021 - 4,22.995,21.845,22.775,0.96,5.0,0.22000000000000242,1.1500000000000021,False
https://core.trackmania.nadeo.live/maps/02fbac7b-4f23-4728-94dd-7ea0ca8b6611/thumbnail.jpg,Winter 2021 - 5,39.135,34.816,38.608,1.35,11.04,0.527000000000001,4.3189999999999955,False
https://core.trackmania.nadeo.live/maps/d3fb3eaa-5928-407b-ab10-cc4e9840fad2/thumbnail.jpg,Winter 2021 - 6,31.158,29.664,30.847,1.0,4.79,0.31099999999999994,1.4939999999999998,False
https://core.trackmania.nadeo.live/maps/09853d2c-b29f-4c25-8fa5-8a4c08adba8e/thumbnail.jpg,Winter 2021 - 7,36.915,33.271,36.468,1.21,9.87,0.4469999999999956,3.6439999999999984,False
https://core.trackmania.nadeo.live/maps/cad8769d-bd0d-4c7c-8de0-5b625433e560/thumbnail.jpg,Winter 2021 - 8,37.226,34.125,37.044,0.49,8.33,0.18200000000000216,3.100999999999999,False
https://core.trackmania.nadeo.live/maps/52335c20-f061-4bc1-b1b3-a78b20aa4a83/thumbnail.jpg,Winter 2021 - 9,48.336,43.637,47.642,1.44,9.72,0.6939999999999955,4.698999999999998,False
https://core.trackmania.nadeo.live/maps/05396936-b8ac-4bed-bfee-4d99d4ac3f0d/thumbnail.jpg,Winter 2021 - 10,45.208,41.644,44.715,1.09,7.88,0.492999999999995,3.564,False
https://core.trackmania.nadeo.live/maps/fe7b0fdd-f0b4-4360-b000-c9d445c6480e/thumbnail.jpg,Winter 2021 - 11,31.735,28.652,31.505,0.72,9.71,0.23000000000000043,3.0829999999999984,False
https://core.trackmania.nadeo.live/maps/8c249031-b140-4d9b-84e8-1b0aae3c7343/thumbnail.jpg,Winter 2021 - 12,39.74,37.618,39.698,0.11,5.34,0.04200000000000159,2.122,False
https://core.trackmania.nadeo.live/maps/2f2ba05f-de0d-4b19-ab93-9b69f24a8b3e/thumbnail.jpg,Winter 2021 - 13,33.023,28.896,32.898,0.38,12.5,0.125,4.1270000000000024,False
https://core.trackmania.nadeo.live/maps/562e8e75-836e-4db8-b863-4027d9f5a1bb/thumbnail.jpg,Winter 2021 - 14,30.312,24.903,30.17,0.47,17.84,0.14199999999999946,5.4090000000000025,False
https://core.trackmania.nadeo.live/maps/45c07a97-4920-4114-9ef7-eb5d28ef5ea0/thumbnail.jpg,Winter 2021 - 15,59.074,53.326,59.525,-0.76,9.73,-0.4510000000000005,5.7479999999999976,False
https://core.trackmania.nadeo.live/maps/a07d6a36-4a13-4f73-9b25-9f1bf60d8e26/thumbnail.jpg,Winter 2021 - 16,43.172,37.364,42.804,0.85,13.45,0.367999999999995,5.808,False
https://core.trackmania.nadeo.live/maps/69bb420e-4ea7-4fca-9a11-502fdff019a5/thumbnail.jpg,Winter 2021 - 17,54.84,49.594,56.548,-3.11,9.57,-1.7079999999999984,5.246000000000002,False
https://core.trackmania.nadeo.live/maps/e617320a-2ae4-47b3-af9a-3e011e2a7c65/thumbnail.jpg,Winter 2021 - 18,43.5,39.467,43.388,0.26,9.27,0.11200000000000188,4.033000000000001,False
https://core.trackmania.nadeo.live/maps/c91c9034-b441-44a3-a525-1498d295b4f3/thumbnail.jpg,Winter 2021 - 19,56.691,50.991,58.71,-3.56,10.05,-2.0189999999999984,5.700000000000003,False
https://core.trackmania.nadeo.live/maps/feb5cb98-3a35-4462-a80f-7a6ecfd843d6/thumbnail.jpg,Winter 2021 - 20,45.89,40.767,45.828,0.14,11.16,0.06199999999999761,5.1229999999999976,False
https://core.trackmania.nadeo.live/maps/96b16c5d-111b-4d39-b70c-25a7d07a3630/thumbnail.jpg,Winter 2021 - 21,48.626,40.758,50.28,-3.4,16.18,-1.6540000000000035,7.867999999999995,False
https://core.trackmania.nadeo.live/maps/83afc11f-1097-4196-81f3-41e87b1db3dd/thumbnail.jpg,Winter 2021 - 22,46.538,43.198,46.511,0.06,7.18,0.026999999999993918,3.3399999999999963,False
https://core.trackmania.nadeo.live/maps/d1b41044-250a-45ac-8d51-6a5d139b0ed7/thumbnail.jpg,Winter 2021 - 23,65.175,60.082,68.048,-4.41,7.81,-2.8730000000000047,5.092999999999996,False
https://core.trackmania.nadeo.live/maps/a9be9c0a-5b00-43aa-affc-047c19a13ef5/thumbnail.jpg,Winter 2021 - 24,67.547,59.635,70.11,-3.79,11.71,-2.5630000000000024,7.911999999999999,False
https://core.trackmania.nadeo.live/maps/3b551f2b-7670-4cd6-98c4-89ad5dbd60dc/thumbnail.jpg,Winter 2021 - 25,96.533,88.261,102.343,-6.02,8.57,-5.810000000000002,8.272000000000006,False
https://core.trackmania.nadeo.live/maps/c8c6d134-ec15-4bb1-bee6-6303eb88fc12/thumbnail.jpg,Fall 2020 - 1,19.291,18.171,18.763,2.74,5.81,0.5279999999999987,1.120000000000001,False
https://core.trackmania.nadeo.live/maps/3ce67c4b-573b-4de9-a6a6-b69f9a00636a/thumbnail.jpg,Fall 2020 - 2,18.843,18.355,18.59,1.34,2.59,0.2530000000000001,0.48799999999999955,False
https://core.trackmania.nadeo.live/maps/4cecd4af-03a0-44f9-a7a8-18f5b02cd308/thumbnail.jpg,Fall 2020 - 3,23.508,20.538,22.965,2.31,12.63,0.5429999999999993,2.969999999999999,False
https://core.trackmania.nadeo.live/maps/b8c3a63f-2e0a-4dd0-8e56-083f78678f22/thumbnail.jpg,Fall 2020 - 4,27.965,26.131,27.742,0.8,6.56,0.22299999999999898,1.8339999999999996,False
https://core.trackmania.nadeo.live/maps/404eba22-7408-4a7f-be99-a0240ccc2d50/thumbnail.jpg,Fall 2020 - 5,44.013,40.588,43.698,0.72,7.78,0.3149999999999977,3.424999999999997,False
https://core.trackmania.nadeo.live/maps/46f8ae5a-a3d8-4d02-a626-f58ddd16d211/thumbnail.jpg,Fall 2020 - 6,30.401,28.333,30.021,1.25,6.8,0.379999999999999,2.0680000000000014,False
https://core.trackmania.nadeo.live/maps/b9d8e0fb-59f0-40a4-a757-7d1f3e6c0437/thumbnail.jpg,Fall 2020 - 7,33.883,30.435,33.184,2.06,10.18,0.6990000000000052,3.448000000000004,False
https://core.trackmania.nadeo.live/maps/053134f2-dc51-4b66-96c8-e1bf9368ec0b/thumbnail.jpg,Fall 2020 - 8,33.888,30.368,33.358,1.56,10.39,0.5300000000000011,3.5199999999999996,False
https://core.trackmania.nadeo.live/maps/5340e6b6-3c05-469a-8a4b-fc58cd94bd88/thumbnail.jpg,Fall 2020 - 9,37.574,33.958,37.411,0.43,9.62,0.1629999999999967,3.6159999999999997,False
https://core.trackmania.nadeo.live/maps/416cd11c-a867-41e5-b6c0-582bf0ecb255/thumbnail.jpg,Fall 2020 - 10,36.041,31.584,35.253,2.19,12.37,0.7879999999999967,4.456999999999997,False
https://core.trackmania.nadeo.live/maps/1759028c-9ed8-4857-be36-e73932818065/thumbnail.jpg,Fall 2020 - 11,29.777,27.324,29.171,2.04,8.24,0.6060000000000016,2.4529999999999994,False
https://core.trackmania.nadeo.live/maps/eaacb8bd-0377-466c-bafd-88c144806581/thumbnail.jpg,Fall 2020 - 12,39.097,33.845,38.741,0.91,13.43,0.35600000000000165,5.2520000000000024,False
https://core.trackmania.nadeo.live/maps/c03892e5-154c-4afe-ac4b-6e8c6aec2aa6/thumbnail.jpg,Fall 2020 - 13,36.571,31.196,36.816,-0.67,14.7,-0.24500000000000455,5.3749999999999964,False
https://core.trackmania.nadeo.live/maps/6b31cdfe-3927-411a-87ae-264e5dfff1bb/thumbnail.jpg,Fall 2020 - 14,35.046,24.623,34.54,1.44,29.74,0.5060000000000002,10.422999999999998,False
https://core.trackmania.nadeo.live/maps/ff9daa53-6ae8-4708-8bc8-ec0c1c1912bb/thumbnail.jpg,Fall 2020 - 15,47.158,41.527,47.041,0.25,11.94,0.11700000000000443,5.631,False
https://core.trackmania.nadeo.live/maps/eda424ab-da66-4c9b-97c9-b756d16d974c/thumbnail.jpg,Fall 2020 - 16,49.631,43.858,49.143,0.98,11.63,0.48799999999999955,5.773000000000003,False
https://core.trackmania.nadeo.live/maps/f9a276b6-64d6-461a-8180-1bfade71e53c/thumbnail.jpg,Fall 2020 - 17,46.227,39.795,45.967,0.56,13.91,0.259999999999998,6.431999999999995,False
https://core.trackmania.nadeo.live/maps/054b28b2-6128-435a-a575-2f867e5a8e6d/thumbnail.jpg,Fall 2020 - 18,41.418,37.311,41.275,0.35,9.92,0.14300000000000068,4.106999999999999,False
https://core.trackmania.nadeo.live/maps/4d8125e0-2971-43a6-a9c6-510b0c2379f2/thumbnail.jpg,Fall 2020 - 19,53.997,47.791,54.726,-1.35,11.49,-0.7289999999999992,6.206000000000003,False
https://core.trackmania.nadeo.live/maps/9706601d-07ff-4d71-92d5-79d61a13605e/thumbnail.jpg,Fall 2020 - 20,52.438,45.971,52.357,0.15,12.33,0.08100000000000307,6.467000000000006,False
https://core.trackmania.nadeo.live/maps/d44f6111-cad3-4c98-a6f2-628bb1aa6aed/thumbnail.jpg,Fall 2020 - 21,57.494,50.7,58.691,-2.08,11.82,-1.1970000000000027,6.793999999999997,False
https://core.trackmania.nadeo.live/maps/2cd3b0d3-ba6c-4420-8287-83fe7acfe376/thumbnail.jpg,Fall 2020 - 22,56.623,52.221,57.368,-1.32,7.77,-0.7450000000000045,4.402000000000001,False
https://core.trackmania.nadeo.live/maps/e005b8cd-d700-4150-a3b3-2c03268b7a51/thumbnail.jpg,Fall 2020 - 23,50.816,45.285,50.241,1.13,10.88,0.5750000000000028,5.531000000000006,False
https://core.trackmania.nadeo.live/maps/378d7610-fcc2-4bfb-83a6-34386c900e08/thumbnail.jpg,Fall 2020 - 24,57.935,51.103,58.382,-0.77,11.79,-0.4469999999999956,6.832000000000001,False
https://core.trackmania.nadeo.live/maps/4f266b71-68f5-4c69-a781-5bf99e5ba5d9/thumbnail.jpg,Fall 2020 - 25,77.692,68.165,80.958,-4.2,12.26,-3.2660000000000053,9.526999999999987,False
https://core.trackmania.nadeo.live/maps/749f0c3c-a25f-4f3a-918a-60cd780eff3e/thumbnail.jpg,Summer 2020 - 1,21.794,19.454,20.196,7.33,10.74,1.597999999999999,2.34,False
https://core.trackmania.nadeo.live/maps/20fbc899-920e-471c-a07e-d2bfabcaff06/thumbnail.jpg,Summer 2020 - 2,15.061,14.613,14.913,0.98,2.97,0.1479999999999997,0.4480000000000004,False
https://core.trackmania.nadeo.live/maps/73edcfb9-0f84-4fd8-9c52-272dae4e82e5/thumbnail.jpg,Summer 2020 - 3,20.651,18.192,19.635,4.92,11.91,1.0159999999999982,2.4589999999999996,False
https://core.trackmania.nadeo.live/maps/6e1523ee-b4ab-40a1-bc4c-879716d0082b/thumbnail.jpg,Summer 2020 - 4,26.207,22.521,25.124,4.13,14.06,1.083000000000002,3.686,False
https://core.trackmania.nadeo.live/maps/28ee72f3-ff6e-45d7-89c3-781e99f5141b/thumbnail.jpg,Summer 2020 - 5,33.258,31.151,32.856,1.21,6.34,0.402000000000001,2.107000000000003,False
https://core.trackmania.nadeo.live/maps/ebfad46f-bffb-416b-97be-5cc5508f42f3/thumbnail.jpg,Summer 2020 - 6,28.887,25.487,26.815,7.17,11.77,2.071999999999999,3.400000000000002,False
https://core.trackmania.nadeo.live/maps/ab9c3432-18a6-49f0-bfcc-fe95684d54d8/thumbnail.jpg,Summer 2020 - 7,33.605,29.961,32.568,3.09,10.84,1.036999999999999,3.6439999999999984,False
https://core.trackmania.nadeo.live/maps/bb5ed92d-f2af-462e-a912-7aeb686ff90c/thumbnail.jpg,Summer 2020 - 8,16.594,13.912,15.108,8.96,16.16,1.4860000000000007,2.6820000000000004,False
https://core.trackmania.nadeo.live/maps/327c47e9-db3f-4688-b995-3bf06f6e6ca3/thumbnail.jpg,Summer 2020 - 9,49.887,44.097,49.006,1.77,11.61,0.8810000000000002,5.789999999999999,False
https://core.trackmania.nadeo.live/maps/28338207-805e-4d74-bc86-a889a88c682a/thumbnail.jpg,Summer 2020 - 10,41.575,37.718,40.642,2.24,9.28,0.9329999999999998,3.8569999999999993,False
https://core.trackmania.nadeo.live/maps/cdb67192-3ef2-48b8-bb02-7a1324fd9fd1/thumbnail.jpg,Summer 2020 - 11,26.846,24.317,25.343,5.6,9.42,1.5030000000000001,2.529,False
https://core.trackmania.nadeo.live/maps/ddec9912-f45a-4ff3-bdb3-fef87b4ce1a5/thumbnail.jpg,Summer 2020 - 12,43.936,37.827,42.843,2.49,13.9,1.0929999999999964,6.109000000000002,False
https://core.trackmania.nadeo.live/maps/80831584-4bd2-47be-b537-04c2bd6fa904/thumbnail.jpg,Summer 2020 - 13,37.432,31.288,35.984,3.87,16.41,1.4480000000000004,6.144000000000002,False
https://core.trackmania.nadeo.live/maps/9e747437-2973-4cec-be45-8304f22616bf/thumbnail.jpg,Summer 2020 - 14,30.433,18.694,26.68,12.33,38.57,3.753,11.739,False
https://core.trackmania.nadeo.live/maps/33663b59-63ca-4713-bbec-0b40d9120908/thumbnail.jpg,Summer 2020 - 15,50.62,43.485,49.597,2.02,14.1,1.0229999999999961,7.134999999999998,False
https://core.trackmania.nadeo.live/maps/d15b2245-d73e-44a3-b890-83f3a33f8f06/thumbnail.jpg,Summer 2020 - 16,42.933,35.707,41.433,3.49,16.83,1.5,7.225999999999999,False
https://core.trackmania.nadeo.live/maps/fca72624-6bf8-47e1-8bb7-a7f8f3e4a4b2/thumbnail.jpg,Summer 2020 - 17,50.324,43.856,49.804,1.03,12.85,0.519999999999996,6.467999999999996,False
https://core.trackmania.nadeo.live/maps/6a3bf410-eeb1-4feb-a424-40fdbfd83971/thumbnail.jpg,Summer 2020 - 18,41.696,33.818,40.854,2.02,18.89,0.8419999999999987,7.878,False
https://core.trackmania.nadeo.live/maps/fdd9ee73-c306-4cfb-9643-99d7432bd49a/thumbnail.jpg,Summer 2020 - 19,59.581,48.442,57.817,2.96,18.7,1.764000000000003,11.139000000000003,False
https://core.trackmania.nadeo.live/maps/2d8dac70-af87-46a8-b34a-fea5ec550244/thumbnail.jpg,Summer 2020 - 20,42.117,36.345,41.607,1.21,13.7,0.509999999999998,5.7719999999999985,False
https://core.trackmania.nadeo.live/maps/22cb73e3-e95c-46a5-81e9-d8011624735a/thumbnail.jpg,Summer 2020 - 21,46.637,38.289,44.393,4.81,17.9,2.2439999999999998,8.347999999999999,False
https://core.trackmania.nadeo.live/maps/df6da762-689c-4781-9e13-c5d85b48c3f9/thumbnail.jpg,Summer 2020 - 22,47.153,40.998,44.535,5.55,13.05,2.618000000000002,6.155000000000001,False
https://core.trackmania.nadeo.live/maps/dbfa5125-b4ba-4711-95a0-791627354c22/thumbnail.jpg,Summer 2020 - 23,47.259,38.446,46.102,2.45,18.65,1.1570000000000036,8.813000000000002,False
https://core.trackmania.nadeo.live/maps/c1510106-6be4-4b29-8180-67c27317b0b2/thumbnail.jpg,Summer 2020 - 24,53.291,45.634,50.791,4.69,14.37,2.5,7.6569999999999965,False
https://core.trackmania.nadeo.live/maps/df8f7ab1-522b-4c62-a456-478f32f53456/thumbnail.jpg,Summer 2020 - 25,68.261,56.36,67.478,1.15,17.43,0.7830000000000013,11.900999999999996,False
